theta_D1,theta_D2,theta_D3
0.8658723979019295,1.1478225692158313,-1.0602589294309919
-0.14716929148650043,1.1623776946891442,0.63517611680485
-0.9271865936769457,-0.027432999869855423,-0.3252147415772627
0.0018216596062374795,-0.13667730897634647,-0.3209441456926331
0.18517892091117105,0.7823785610552675,0.14185758276103524
1.265609037982549,-0.06049603102484424,2.0906011864316265
0.20610429659440951,1.673644328788178,0.18197707796693574
0.557128605335878,3.113499399293728,0.6084254458305056
0.9319171935568943,1.6482301798796524,0.5083407685248614
-0.43549574439178906,0.37708285237078343,0.36195918790404213
-0.1142015024690804,1.9623223519736945,1.1555794565898823
-0.8758564246539889,-0.10969128340221751,-0.32678271331591613
1.0835076662515706,0.4213716284946909,-0.37677828157501514
-0.8452291869009093,0.3103439392420859,-0.5065030499858971
-0.2205492603190693,-0.28942983378108805,0.1353487887437724
-0.1750790226683694,-0.7499757594828528,-0.5432120982186195
-0.6321608760649526,-0.8215787152972486,-2.5878461000846498
-0.7083210425351917,0.08019420403585531,0.11395423521882819
-1.104184068096609,0.4400957002599082,-1.2968510006987737
0.7557511723550331,-0.2051540960699484,2.42568507858448
-0.40605216249553394,1.1919668637152177,0.4072958654834994
-1.0154357338996982,0.6945568038759351,-0.6138420415029853
1.7158651368745905,0.10089247450947902,1.2813164210261827
-0.20698502880182826,0.017783385638764693,-0.8194735884786758
1.0659572006060638,0.807657277087169,0.8154890325499389
0.8211850702864176,0.2971787534725367,0.01712666231375154
0.3917615971649194,0.5914920731563085,0.44545797772416085
1.1066302701352408,0.3022565893557553,1.1478398339235372
-0.029210136006415238,-0.3232651042617629,0.1243556464469642
1.77445708507598,1.2691965889228196,-0.26062121081067247
1.162375998852642,0.7154676039702993,1.705801866242827
-0.49935802076488295,-0.2112530535662182,-0.7459073580707335
-1.7833893913872383,-1.5089023126127814,-0.22479757082254737
-0.7266219397682167,0.18745433774731718,0.5086730222667397
0.9461014603944969,0.9232665463515719,2.009039757650535
0.7715129414834737,-1.314269435935665,-0.5114253652500013
-1.2555782755479732,-1.5725464401606954,-0.301966267527922
-0.0044088602770551025,-0.28974654464534144,1.0526881966473347
0.26444279714461316,0.6041341487000367,0.8341373361365539
-0.993399918206472,-0.632018546099085,-0.46583207362473267
-0.9598222601325418,-1.8088347240450613,-0.6338620972508923
-0.053582953796537824,-0.5618468851142816,-0.07941476523216935
0.5157963765751662,0.1287960637065414,-0.07005010327212283
-0.5176861599717674,0.4258626477801153,0.43639104605935575
0.22570552505328742,0.6619247699668913,1.018569149379907
0.5735115370224296,0.3668435056181479,0.07664170153950209
-0.736717811474938,-1.1845122495050546,-1.7350668698366924
-0.3580548459242974,1.0568175991276916,1.1850236162606766
-0.6466367524791733,0.038070771175138296,0.33955248570197305
0.009365416339191678,0.6598278524099882,0.7556432987938798
-0.21300564944055167,1.1681348160716891,0.6989930073257824
0.2937956288909268,-1.3187809755712963,-0.19449654800330374
-0.5033173108399656,-0.014669505220997359,-0.2687459189323348
0.774425398508594,0.5578412248725928,2.4163987954844828
-0.43042228380719544,0.8821357994840391,0.3932673179342643
0.2304712945356355,-1.6952767569749763,-0.8872234383420143
1.393899097345074,2.901372033734918,0.4638388386510949
-0.792931442973689,0.5852763254456423,1.6980366352289122
2.1385166097181134,2.3805592784766576,3.615264024504026
0.1274559993737472,-1.5506047169852009,0.37547203662629275
1.2628813916500674,0.7635034008628638,0.15807283020937785
-0.493344451788988,0.25825199954123956,0.4521553089726765
0.26457287342307156,-0.8528948851001874,-0.7441644716029935
0.42831944824593216,-0.2896247100381958,0.6207756782615459
0.6138867930836354,1.8787551073324367,1.933864653661502
1.3117712489094862,0.028884888428220457,-0.8914592265283282
1.3626281104489257,2.3040324595303643,-0.4881635159533191
-0.08562587405105988,-0.497570361479565,-0.8844274494173039
0.39550354828801454,-0.8138827123042696,0.39915840255287294
-0.13283222466048092,0.6601500583430546,0.11555093385690691
-2.474816735376793,-2.0635092024674826,-1.2295631653233163
0.4723028626540429,0.46403575027131516,0.6833363661173325
-0.4104446454828863,0.06572209050919794,0.5236844407784795
0.549134425992827,1.2212742297137997,-0.035778419246397464
0.12010216279289071,-0.8540482573801004,-0.1331282261897398
0.3482230362501697,0.13911358483136899,-0.8597954107462727
0.016425031103921264,-0.6953867971903807,-0.24661444163469806
-0.049799546143291414,0.10606033789974961,-0.5934485563382971
-1.253806580971093,-1.2941234947469686,-0.396660457196962
-1.3110654939081283,-1.807573451727908,-1.162654999787379
-0.21388362250730572,-0.8336828662906143,0.8378551909863647
1.2169936164121309,-0.513372460939242,0.20754676051679927
-1.8171031630349486,-0.2511360460601839,-0.5044475450632584
-1.5412465768674668,0.383731562281713,-1.086266182594039
-0.5896351526770074,-0.2563347800658816,-0.24894922451721624
0.08230029449757581,-0.473965873870523,-1.4835454776574568
1.7284698510612453,0.47396946307301185,0.14198040765694409
0.21520381790789725,0.6310641059252474,-0.747802823685086
1.8165140574771197,2.190916169736394,1.5182216104706017
1.1569565570195761,0.029669665421321323,-0.07260706810155132
1.20910684181091,1.1649945428140849,1.3366984565182396
1.5271054593689959,3.075901936715901,0.7221936971461346
0.76977939345392,1.168326897976022,-0.3581937751118516
-1.6534537790979211,0.5780718988356364,-1.6189549272565948
0.8182877455510801,2.4534122151811406,1.9212822995719068
-0.04080510162619831,-1.7187622330596788,0.49509590421886324
-1.3198677498185962,-0.4117881010821509,-1.281842820722315
0.5212369283725793,0.8652219009601514,0.011123370228812879
-0.0874180108113234,0.9133425020845306,0.060629241618799096
-1.2322225131620752,0.03904690622719453,0.20053183340785363
0.2867629621121969,0.4551706648551396,-0.21726190665010958
-0.37718989367471156,0.6252146418041856,0.1888107519889167
-1.847240044688796,-1.4342021357002697,-1.2594849697192594
0.9247125662064118,-0.5366944511031219,-0.9481856534936118
-2.7243808517095753,-1.3733203380244599,-1.2329620758161968
1.2943186041774424,0.022156684095828938,0.3086459259886311
0.8609063155969396,1.4993723044045326,-0.2110906609261748
-1.6211267112960033,-0.24997969373769524,-0.7719980884764273
-1.122104192507312,-1.331014885161213,-0.18990957356349802
-0.49620610210316224,-0.3446939993735594,-1.5660961318770827
-1.4908908947460782,-1.621587570171136,-0.9507540835692139
0.40467606844229115,0.23230981837560474,0.36735208819261467
-0.8282480314716039,0.7728583541619369,0.46661627954578516
-0.7045232983522034,-0.08777844810553126,0.6324141722812937
0.36099356789715553,0.9046895034399796,1.3138910514378337
-0.17626186701007024,-1.0084173404956644,-1.7467948315517021
1.1176038606783198,-0.09468991919706549,1.360192561459738
0.8331489727343169,0.8619118158488055,1.3523527601125958
-0.5019632794867375,-0.6594264923305239,-1.2302157812716776
-0.8786569343201539,-0.483582690451409,-0.6053633406540289
0.3458842384241915,1.5384207040920361,0.21765851255358298
-0.7169286602367474,-0.33050169286519315,-0.7084247634466287
0.6973680855234082,-0.14952730578761436,0.616366851291747
0.6012038477860753,0.1976871929709443,0.5690614475421929
0.9735509461927684,1.3054499169781708,2.8105942831076858
0.8976876480724694,1.6622243141499322,-0.0028659046112158304
-0.18155488743385073,-0.5921229431304125,-0.031276113969502445
-0.28901634736330273,-0.06437526061302165,0.5666801357295763
-0.05965807107252698,-0.3176168979853796,-0.5065833014012463
-0.2250726070673677,-2.432987600475221,0.6815248710754057
0.9120407033920468,0.13553146110724362,-0.3590674045241464
-0.07811605218355074,0.801182708316216,0.9714673578893132
-0.35162197895771824,-1.422527726031715,-2.1073143406621995
-1.0783406112540246,0.18022344038495408,0.3870733387858543
0.15006508439669705,-1.0382011274733707,-1.1469831654011173
-0.3266768978364826,-0.38739239609663445,-1.2555578642629293
0.6465057909207119,0.6097118134567543,0.9429970542192088
0.5235151221113974,-0.2296981699083369,-0.9161386564289775
1.117708170902235,0.25992054505942663,0.6544134922716933
0.6514665306759647,-0.7298916201180071,0.9705854519523274
0.3199021032688285,0.08553728670441542,0.11468448490155289
-2.446933347950901,-1.2215051339331766,-0.21336010623501356
-1.2470596398288472,-0.6255375885988317,-0.2440809209001477
-0.18610125708983682,-0.07799137839895803,0.24990905912706152
-1.751840439006943,-0.7246734685832779,-0.4166371822406719
-1.8280691903955157,-1.3490287028944765,-1.4097217218021345
-2.2185758715609873,0.13009358528583537,0.1138150861298739
-0.5479200367354324,-0.4207028521055872,0.4626294638775237
0.5109233518180802,-0.1465836020951105,1.683325281693064
-0.198844495026647,0.7832124980166449,-0.5730279299410901
-0.023137334107632246,0.3720263642109941,0.4857425639304203
1.1464315435957124,-0.23165853149401772,1.177853202293751
0.838672714937917,1.3104349351602167,0.6049810660883181
0.46850737432959105,1.5497609480178562,1.1553356036700786
-1.9130714729809433,-0.2663447964674983,-1.1161307093972246
-0.24038599454400034,0.5328749395240665,-0.3133337570988277
0.09360716071526919,-0.36678875858808985,-0.9524269811686709
-1.0231323880705412,0.004204988927866138,-0.47894260463769167
-0.48113054838343283,-0.3803714051979538,-0.7281599201055277
-1.6042472070353253,-0.6137658337456868,-2.569285835323424
0.32409272958976787,-0.3234701351845134,1.239609552685688
0.7226900558624149,-1.6007447276388078,-0.05755882104973552
-0.20264574503356014,0.015451216456551162,-0.47561729640901584
-0.6385915132762113,0.3560733177899858,-0.1668727293815292
-0.7678967159221011,-0.8506291866105387,-0.38237548984223346
1.110483738601407,-0.17293016626267388,0.08829776011095863
0.5827382399944449,1.0303622381195945,1.6314352547409827
-1.631726813022008,-0.7944392429138496,-0.5571400563141355
1.802378199617724,1.8618931950310265,1.7551747800704673
1.3318609162036852,1.7887013105382654,0.9743541853072994
-1.0081460851282489,0.45243816465378683,0.3196314129588037
0.6424719091886222,0.3681214080895198,1.162475727615321
0.618702170341678,0.6608083357958152,0.29291915978039446
1.4387997526016318,1.0505546689312906,1.0910327826434376
-0.7932608139471403,0.37745029080863096,-0.23549600816765034
0.7861618688793703,0.5601144995360222,1.4687202003743036
0.07318854213219547,0.35287231583840073,0.25529795151993795
2.327586688336858,0.490127161625855,1.2634747166281117
-0.1323722061078859,0.02612783077692664,-0.783815865726056
0.8440872372818292,-0.09468568982559072,0.14937261725331874
0.8967984911500848,0.6042897452492542,0.380808826908164
-0.11367606719730744,-0.7531005236698141,-0.686164168200309
-0.4179783407859956,1.123035061388554,1.0279690138149462
-0.3105622227400098,-0.029357322811043668,-0.14288199746395636
0.05079623431037487,0.9403003317982492,-0.6905043335486241
-0.6774118854337449,0.10825941601163064,-0.03814820934564067
-1.021564966554816,-0.7629838945230456,-1.4246060358246164
0.3312018544420885,-0.44790874609692344,0.6174357599792125
0.6593608115714213,0.6437472120124796,0.0006410827769564587
0.3291458338379361,2.379668947954173,0.7687605128083884
0.6535240749010811,-0.005691604880319001,0.63010338168449
0.041230404807449356,0.17089395606943453,0.578448005204982
-0.38204876934062054,0.7328646219462915,-1.0175235591067646
-0.24624730784368443,0.026411050203450692,0.13874701647302154
0.06905300222397442,1.511783689199688,0.5265830392991957
2.1711995464297287,0.9897559840467691,0.9288402344860143
-2.48882494194812,-0.6331589105607109,-0.9937158500446545
-0.8287991240315475,-0.36225589439454187,0.24590871669838005
-2.169247363145445,-1.217892153684543,-0.4487679804975728
1.2997542666183846,1.139487606687608,-0.01754179545462886
0.7233885717490138,0.4931929668595525,-0.17133944272890145
0.47545518061810205,0.5437774340073382,-0.5214165877363611
-0.83058265970696,-0.44971570465635163,1.3889997994445298
-1.0476403832446537,0.5680675088933046,0.46298314868522544
0.6820611150939587,0.7694244404805974,0.0991888650617585
-0.3147248306223019,0.7918175062056168,-0.5821903371484612
0.08043070969263291,0.7693449929462363,-1.0209843669557381
0.3953453832787582,1.5463901436765866,0.27268679321539174
0.5296056855856923,-0.6207589715188389,-0.12386158760859614
0.5750310316862081,0.765954381799361,0.15682883587767835
0.0050548646320773116,0.4785454796171616,-0.7361977891534521
0.2556785292324969,-0.5199608362328423,0.6580411666610027
1.5138264235878487,-0.5030517183340791,-0.041940424015547095
-1.3321642906623485,-0.756327575619492,-1.2672214211859667
-0.28774615601876447,-0.903772978477267,0.10761568159219231
0.6972607801668014,-0.5811845082140678,0.15087086118873733
-0.09644000419788781,0.15886690200759856,-0.5085528213869795
-1.7225255599334093,-1.3816695369574499,-0.5710243582010588
0.8174083653491047,-0.5600431063843854,0.29258766571973893
1.0838830070223882,-0.8088165371284477,0.6136049464072875
0.35083453579529117,0.26000803444484055,-0.03680006578706718
-0.996682393156592,-0.004763245072179401,-0.11339832717079298
-0.4218300716907384,-0.7956760436107967,1.06215326990516
0.34907181556728856,0.5465731874943948,-0.7873796589660915
2.0658864422542265,0.12280581680998992,1.7726768435044238
-0.3181074298861379,-0.4597229192342859,0.12751971661714137
0.3187529284767463,-0.31381735773834013,1.4195654512402573
0.850014857182553,-0.4459847399895152,-0.38814747671836314
0.5984959029049602,-0.33656326596543346,0.8789134895492514
0.20706022972231616,1.0670915232414149,0.6919825773933503
1.2676695321955453,0.48201372724584846,0.8835874402289274
-0.3571818747866368,0.4740098326660662,0.10554188913198355
1.2905710703379396,1.0220244100126257,1.6990474717713773
-0.2332405628689102,-3.6024399753423806,-1.0885936205403113
0.5512667582938019,-0.536821068570575,1.082014568179905
-0.03966159384715588,0.7898004026904462,-0.7466085911969425
-1.7857848976055453,0.00040232550738694695,0.16985552341862253
-1.6678642180961014,-1.1797469520285921,-0.0018211064449475955
-0.3873797962731987,-0.7754718419686463,-0.24941776948702674
0.8901551897829781,0.08757236789608264,-0.2936897800736427
0.0028676661018483766,-0.24668042792006026,-0.17722234756794392
0.6223695823345194,1.2830709927603074,-0.5818360153622373
-0.6857925640851681,-1.7648752967622159,-1.1243727052902965
-0.3286915210764467,0.021776119543754524,-1.4710551907206142
0.2522821382059668,-0.08877010123774456,-1.3610567464409633
0.20387297712056204,-0.9973580959119969,-1.5377162409027245
-0.4956613964035536,0.1139899514368809,-1.1430744632767247
-0.19697337744620766,-1.229201736781826,-1.7241790847960916
1.0384522957055538,1.1217999603891258,0.7271742399359886
0.1705336401496357,-0.7975748675026951,-1.5528987793255458
-0.29801419967013837,0.08578570392615831,0.7361052470480319
-1.2174724187118187,-1.0418252461864923,0.059188546796527186
-1.0054226891951208,-0.3477573710986459,0.4574051546483633
0.0283732394466023,-2.2024988510813484,-1.0312922880890896
-1.3273091833714796,-1.2782705262460192,0.9014903184052667
-0.8432043390169089,-1.4138677228471657,0.04160504528316211
-0.7449320983212833,-0.19819387069702316,-1.2790711076550498
1.2203206631895172,-0.9803691437155063,-0.27419774441843825
-0.545341917925614,-1.4510216059599543,0.7436959976797424
-0.01753623441082799,1.467181666701055,0.29105438414388995
-0.9124433942748273,0.5020260515848871,0.20905265898579256
0.3772191776359948,1.1309303701313658,-0.4658579875347607
-1.0097986419057001,-0.21142731954123828,-0.17522719439604628
0.8304690925080448,-0.0994526999938265,-0.8297299751302796
-1.1053891013932218,-1.6689602825496261,0.26464544675857127
0.2500818345120646,0.23244666193725036,-1.1320573054854481
-1.325369455395052,-0.9967919803706651,0.274133364049193
-0.017665971660354347,-0.9139073244186422,0.5915236094584341
-0.3733603008051886,-1.1413202339925081,0.5164047020050401
-0.05629824993319971,-0.18854203582403314,0.4268774691892315
1.748141552428126,0.01792173223111404,0.23405499575250066
-1.860679802263067,-1.1050080666439834,1.2775981161315364
1.0569923001190764,0.3630622032778332,0.11499066994263063
0.16453494546474096,0.26404189267268996,-1.013651975784504
-0.3912228939124315,-1.939284042718585,-1.9873336535708899
-1.006780971438759,-1.9559896604573035,0.5824544062651442
-0.13233980253828317,-0.9397905265593008,-0.522744571180658
1.2826840339545342,0.876333881405774,-0.03159598911369843
1.1304279837442521,0.440621059345361,0.45908185831532733
1.3195142125912138,0.9106824541612533,-0.5049986938994937
1.0997299952333437,0.35955495664727655,-0.02065270152454901
0.9402835763951589,-0.4261142489074733,-0.7495029350651548
0.9942673045558656,1.7403882579182164,0.23280704071771308
1.7488655531785422,0.7563546588079326,1.0459560716147023
0.7243023655064473,-0.6030832657340925,0.0744041261424222
-1.3247997438335037,-0.260698278355835,-0.8386610446785212
-0.7079008215346175,-0.3308334182383751,0.4362316420689426
0.9695277246033062,1.138882191141406,1.5650017431585352
-0.8496690039640441,-0.34918147121114296,0.025360224466086267
-0.11478182881510902,-0.9306322408253028,-1.7500214445691307
0.5297569581155499,0.8706774191808163,-0.28276682310050505
0.14807333092057323,-0.7702588933051733,-0.14202876781906834
0.0574287512733452,-0.5288767474045059,1.0316691023129212
1.7844465109230023,0.935725068495084,0.6590015102558522
-0.20662524372133972,-0.6555136923981673,-0.399524767720397
0.028522328111469937,-1.0870825490031928,-0.02565416529406797
-1.2483576187533523,0.39602416828909515,1.6078243637531946
-1.0358270461079693,0.21602025766370925,0.22500545221164786
-0.15461683883240915,-0.3531876210904712,-0.3098121145239662
-0.7113564650202148,-0.6476448251468578,-0.1658356811891083
1.0366592357157316,1.2437263451903544,0.3287858597392817
-0.07129922370305675,0.3780193777262165,0.16373373860600943
0.7287270271832677,0.9710000997112519,-0.6398509496401943
1.251714238456905,1.7023222102696796,0.4204853864687084
0.48147972204351075,0.9935401310096774,-0.30254925802464694
0.9277853648054957,-0.09571233276551994,0.42026075071143076
-1.9908211759766872,-1.2310525156023473,-2.2943726582229598
0.6788738616132569,0.5069978032436323,-0.46243429168058614
-0.047201244799855775,-0.9780054842247983,-1.091850965780408
-0.015013538592070632,0.39404940161473895,-3.0188661188016654
-0.25512046747872197,-0.7051162312530929,0.28962357331620864
0.6202833293329549,0.4783272593453413,-0.5876786583946223
0.01495206017097473,0.6472799522111715,-0.9879670155491513
-0.04206750265445121,1.0682877281982313,-0.5462211777292714
0.2947086652413749,0.5953719416344907,2.1377754539042852
-1.1760929175178574,0.016224621951332785,-0.5117259759800272
1.9234191217429493,1.6046840293273261,2.1171007779511553
1.6269567521624624,1.0854089502226587,0.3263516621631859
0.005225559455358639,-0.9839247709416706,-0.6672294340529568
0.5793976607861847,0.453019717885499,0.09973762429189462
-2.483919754431532,-1.1187182002275624,0.44228220415900754
0.14359654866114294,0.7918901885254834,0.3076420142733632
-0.6456167026097589,0.06882120885860893,-0.40897534710131994
-1.8707310092504048,-0.9565750375675329,-0.3662216195084802
-1.1943825187694017,-0.19891185431452352,-1.0760135872562318
-0.46234838759600894,0.35794054197146663,1.090742351375927
0.3308785568938013,-0.8809168439311361,-2.2667867590392707
-0.38843882608519664,-0.35675671964928646,-0.1607866165890799
0.32324126821300164,1.2522071084378776,-0.5096547727260731
-0.4455294446497959,-0.15751831043815756,-0.08373115324255521
0.03960354986493152,0.4587966818327726,0.35715026821135953
-0.3033866615400438,0.02881537428906711,0.16552380361861557
-2.5664069749516516,0.2989151720337371,-2.0267513808488364
0.7779306194630395,0.9104127358482546,-0.8216262986406744
-0.6042802781540004,0.9251216880994364,-0.9282103342525748
-0.8840874263368659,0.4868682726767994,-1.203102163041363
1.5929998517489583,1.4355674971269798,0.9724979667198044
0.2071676165106278,1.8112221076616843,0.14708756806064516
1.329427287801406,1.4142016383350087,0.10098813495715186
0.40867829762916713,-1.260555240817511,-0.9244178209082909
1.490141837979415,-0.33662050341038874,-1.370799765738639
-0.6070666494219508,0.27818187743363026,-0.36344534499778886
-1.1290195607800297,-1.0963862654409098,0.9730436387261635
0.5421392724814158,-1.2214641415913818,-0.30486364878024064
1.202177358915109,0.16191845697114637,0.3064393231325997
1.1908881853853281,0.48882639341332235,-0.9610475798630227
0.8000125459227686,1.2750748336986704,0.4848630156187782
1.7657288175809784,1.917472517853444,-0.9047809834903109
0.6107550131975537,-0.19395143234383,0.40108557926627053
-0.4082901385959681,1.200782483191314,0.31837357123168175
1.1536006187021295,-0.30619047025116775,1.5474391460046806
-1.4318926445847295,-1.288804161730159,-0.08359813116672121
0.20113455391916343,2.4638740931878242,1.6119040916562737
-1.81338900599799,0.24077610724032705,-0.33444421846786837
-1.9253006786988593,-0.4796704860317381,-0.5333647016771856
-0.3589848851195613,-1.8678006287941742,-0.23321406593557747
-0.5973689529189108,-0.9986338563746395,0.3859337249996735
-0.6748064024503103,-0.37099929266797443,0.8827123864681384
1.2490128391526016,1.1793818735951702,2.4571593232624447
-0.4627837623835274,0.28093008951103565,0.03541141152612051
0.57421731865129,1.6486421697484697,-0.030037699575480636
-0.36626255633964494,-2.394785538526086,-0.02494187142135329
0.7568156827089284,-0.1209984236347374,0.4241781515153382
-1.1156725925462176,-1.2252049973431127,-0.2843148142548086
0.5419464547722697,-0.11418324233186622,-1.1449544560329743
0.1378457016515353,-0.2662244193340989,0.5443682422705741
-0.15104416359627978,-1.0662445476159725,0.31576177192157323
-1.5179912175320216,-1.6011721573219395,-0.5989592357917063
-1.2894643731684432,0.08516738005534186,0.931607701353799
0.49328355299131676,1.925542276454605,0.4950837048850222
-0.5998860579151711,-1.3095133263711576,0.7257606559104797
-0.02522359233652783,-1.3415095316573575,-0.028569786112206452
-1.1703501410813109,0.12478620811983998,1.137313203803378
-1.5640353108661753,-2.8409589604712204,-1.1144347222859927
0.15879585187654516,-0.8113492103475597,-0.0449848518567658
0.6112984519473605,1.6651985424698865,-0.2877868393761822
-0.9137030598035353,-0.65922276521994,0.38912012003363505
0.44268451643396,0.7266235857226897,0.9307386831243792
-0.020253317722048424,1.8483546226151026,1.1097424623925567
0.15516300387043264,-0.40147579649703763,-0.527576608560677
-1.2098182324262425,0.026652195072867757,-0.4374641473095884
-0.19087808911888715,-0.6234112152331288,0.4904784849468488
0.7885283069954026,0.29907791224106595,1.5627648735916495
0.7554135182256149,1.1100797602302606,0.3691862336949654
0.17871801511272745,0.45324707374431755,0.10037285023927378
-1.0567772349906508,0.02014545583074212,-0.8141700780210299
0.8944365508501646,0.5805553492242715,1.1171620897392547
0.09075121884174263,0.7766575528610724,-1.367713154397213
1.3292303031687995,1.5221156159861846,1.4819420493240436
-1.059626937545746,0.15119220336415973,0.7029150722196255
-1.012712814970052,0.5842343518536175,0.46898389255378753
0.10498051214349406,0.06704327679113932,-0.33994003689773483
0.3901529649207666,1.1276265433854498,1.4954196939720779
0.39536729340689214,0.1388875234958507,-0.37670442622779865
-0.36661843811148365,-0.521912984544618,0.17352738159164588
-0.45522666357843505,1.0500214484395192,0.1534236407341391
-0.44643531752272164,-1.1998672154329302,-1.6473993884125178
-0.9345306423508624,-0.42723128034698354,-1.2366098959615175
2.3521063693835136,0.8498391500305922,2.366912473720146
0.9943992908865302,1.6270285273713407,0.7406207023110548
0.5219517936233321,0.2495345182971978,1.0959770328829337
1.1540602451314412,0.6455441360281029,1.1730781330356015
0.3053202060360793,1.1442319971864456,1.7860476693872531
1.1207295774832564,1.1091129754415643,1.0035182732006356
1.5945688318676037,0.5621455178964525,1.4753669460780978
-2.795477283077161,-1.6846376574095683,-1.587819728908864
0.3023823332954115,-0.8189336073666128,0.07743224619477623
0.13985084964296654,-1.1844581647821162,-1.3730187109524967
-0.26350570303263215,-0.16598652353109294,1.1829369409863264
-0.7432301522140197,-0.5219052689141375,0.7068673028921261
-0.48546113600450125,0.022942247332566834,-0.3384012107322402
1.3068173431993557,0.97596534290801,1.4875496823237775
0.011857536686672802,0.42860917890381656,1.010990837300012
-0.96967657470559,-2.295406884627859,-2.6665462404022
0.9689953887329248,1.019225495344982,0.07171638328852936
-2.148441768722775,-0.384827213937444,0.18556912792109614
1.8082477096437046,1.6951177745108261,1.4039265762611772
0.0920960471019246,1.2327604285862162,-0.11270329735462947
0.21715355219986077,-0.05117834742097839,0.08613651319563892
-0.9471034164780074,0.33181432473065875,0.8259951513274
-0.33664929528409915,0.8505278207054183,1.4159167781011008
0.14239188636516048,0.8927791624048713,0.8929735509080095
1.1464791275513102,0.16508350096966767,0.9730728697931229
-1.3955349393073184,-1.1982233419323922,-1.3459573071104332
-2.0989128497059837,-0.786342478604438,-0.6012038982896755
1.2248118538763393,2.0788508218477753,0.3967138897857291
-0.07945978041992798,0.5471123979059743,-0.02369863224220009
0.6040999174593249,-0.6016618303980488,-1.2191276536038398
0.7665552311531506,-0.2065775909291332,0.03186681968332952
1.083791191294198,1.1284153990298098,0.4245099608393863
-0.04460973153659304,0.9675369975995781,0.16811815396312493
1.601576129214513,1.2203739493802022,1.8600245651332186
-0.05891653648031315,1.0789065488774665,0.9604763161391328
0.5527740310301906,0.2572274008605714,-0.2389870831953943
2.2421207837344,2.1291127874556306,1.2952773955779309
2.237128493606803,0.3865794948428658,0.6447729432651511
-0.9379018572791646,-1.5538422882214058,-0.5414379459063049
1.174434935574851,0.5359679312841639,0.43903829780756404
0.32212861596998676,0.5752957701578518,1.0108116600074737
-0.5904484796034789,-0.5392901119594185,1.1208327417968316
-1.4144749421956415,-0.47097525175542865,-0.9823399053785444
0.646472187602745,1.2601671736971685,0.4197315808482853
-0.4556289475624191,-0.08910789397370572,0.4806470886352443
-1.9517250412491824,-0.7219087686242948,-1.7057806517426464
-0.04061593166884741,-0.36718692303385014,0.8430024236739291
-0.012572170896351549,1.0385854207119292,1.40614303589745
0.7131744621828786,0.2792937605814756,2.1944808015645925
-0.03021691073742836,-1.0915379745469511,-1.5337805282150594
1.018482004036687,-0.02150147331394303,0.47408320676096694
0.15312521369070592,0.7715284386252323,-0.28775103592213247
-0.7940424757946175,-0.6435459893059153,0.8472800912412539
-1.135305067974445,-2.0572694567018863,0.3618127532501485
0.36857466988807186,0.9446378524907404,0.5455209183654186
-0.4087954199664353,0.8766950364464388,-1.1761135132174805
0.33814320521626157,0.03951276238629861,0.009174584882389453
0.01751980257653165,-1.7094998249209576,0.8398489389049465
0.5121261025310319,-0.14107203601281842,-1.0636665906485006
1.319133661221803,0.4875458226197176,1.6848881465499232
-0.7723502168690243,0.4188747677949033,0.9990536581105864
0.5401270993625439,-1.149333417659897,-0.183311604655355
-1.9488381510445345,-0.7760657418964163,-1.0055033351276368
-0.27140624284413906,-0.09976515722234108,0.07095440304058848
-2.9881798268002364,-0.4250883881959686,-0.3500777130474382
-0.5500054779901092,0.40146888094725636,-0.6699423921279354
0.527233873736877,0.6175200168095312,-0.3997207734093008
-0.1944661344175382,0.370893951148017,0.7297717227251812
0.11870557219741763,0.9078265887900748,-0.3821345184371421
0.9753269775738171,2.060640566475091,0.7114748660795639
-0.07014188340194452,0.2153890502375429,0.1482322082783522
0.24492762341912971,-0.5972546308466021,2.092799954964629
-0.38658924884548596,-0.3988185817807122,-0.8423188068552185
-0.6658106641047958,0.22750003872828722,-0.8275200807343102
1.1649043322260106,1.0381682251178133,-1.0103415077063107
1.665955761701346,1.7922464851833424,1.2858718793083255
-0.7945764792352082,-0.08763996255128115,-0.6080023444719682
-1.0693567999073899,0.14309107491967732,-0.6325742055041383
-0.27312879761762593,0.6706028697773706,0.36334314999113715
0.9898680156914583,-0.1904022168663888,0.049020603697262466
0.5620866976695421,0.7207286903198235,0.4612012118053988
-0.5743548538514683,0.7592249975971588,1.1376936413046441
-0.20214077028505922,-0.5268258602459948,0.10003766131333491
-0.8473039380064915,0.2565549925795447,-0.36021405905647624
0.011543827584241937,0.4967228557900238,0.42376474606737824
-1.0047977930985945,-2.456467063505851,-1.3261229125745055
-1.8533152170003544,-1.4134906217543248,-1.5890657182577177
-0.278550324711015,0.8015789953967345,-0.6766222927313212
-1.2455712984516651,0.4268833634964132,-0.8275398156508957
0.11953837022794699,-0.07726558033346663,-0.40177409482462534
1.1493380374663151,0.2897941542823618,1.1077423711279748
-1.7224090165051458,0.46638787063930975,-1.2926452308192755
-1.1448013615886836,-0.8802104268803272,-0.6306796747434371
0.18481237065019723,-1.3970066843348636,1.2059567485594118
-2.101689944766236,-1.0538943155765959,-1.6226906921031565
0.48139879562601023,-0.07583464222515812,-0.20388848654492478
0.5883384147258401,0.4810627818777982,0.9682983409657755
-0.9947967878056093,-1.04890847292628,-0.05214710465360528
-0.08648616639341446,-0.864182845860147,-0.25993678741456006
0.04621642080349824,-0.8170382514544808,-1.6024968373201973
1.2321705013639477,0.8639887187341988,-0.14591368145143746
-0.9438921816261099,-1.8547314754859086,-2.430473351634608
0.6997842595787925,0.8914712235427438,0.21586748825452218
-1.5213896819465815,-1.6993326603860743,-2.1790049182093214
-0.8709760370329094,-0.967431989424024,-0.7436441120417037
0.9261585324158165,-0.20344685982620347,-0.05849589166381064
2.2379877041582636,0.8373000681151229,0.6376733555870022
-0.6657662547263447,1.1145425160238323,-0.8457760781502444
-0.4655325127130578,-0.2522858716516698,-0.3050367804919982
-0.7493020027125825,-1.0552797514104515,-0.9731717713535293
0.08996254482412938,-1.363269731638883,-0.7501610173288851
0.06403007160201747,-0.12897041152876773,-0.17466406480008348
0.010176510572411509,-0.724175551320994,-2.089089908485821
1.8732547582483474,0.657269542835115,0.5953623989170697
0.026008580576192788,-0.013707994639145049,0.4065684994724815
-0.33178095422437637,-0.3334237146507242,0.3197333792546957
-0.020826829455514242,-0.16077425248477206,-1.197999368316634
2.4389811234271055,2.5011485202296124,2.0173301519376996
-0.33019189341911315,1.344185839869124,0.9598984045838145
-0.602526504951027,-1.4750950442163346,-0.2771985967591032
0.6126960631010496,0.5583719251275869,0.313474736330953
1.6460386809177305,1.2056414822811288,0.7632911722965526
0.08717753224902443,1.2421695702706248,0.5322542103867639
-0.35506399361469704,0.033154707942854134,0.7243177493428544
-0.1427317730747862,1.115245618777984,-1.2549669885525458
0.38951836812738133,-0.3231027312977436,0.4346651437232074
-0.5232816829599441,-0.7259475145682625,-2.1162599577526326
0.11492008521951041,-0.5645577261438244,-0.0040101251271830035
0.560834713261729,0.6687282783566776,1.5605498992725113
-0.2472263110558629,0.2516438637673881,0.47982087029060916
-1.5604374566412957,-1.4867785531074766,-1.8597299387520771
-0.44188494831308,0.24121634049188484,-0.43864400075631427
0.8440836616885218,1.6266713668200572,1.3880071550418225
0.5524047288452137,0.4846807087775339,1.2589001207570503
1.3387897394056478,-0.5212631119512005,-0.7596511918846722
1.53771105779338,1.5569258452530406,1.3122137409629713
-0.07866462505005081,0.9985650664482191,1.6537452973636426
-0.504402187559757,-0.9699166021275841,-0.07857417742314016
-1.5567098366446754,-0.1790544358331989,-0.20916958942264668
1.399066990343817,0.5051545070538381,0.495483135677451
0.5605073053232071,-0.7041823933935825,0.698975077901157
0.32200881727750225,1.0841326820272934,0.15544226696532326
1.3434909161809583,1.6168077863620258,1.8440233826192913
0.9539382527936531,1.3435007044710707,1.9979236634923305
2.2256066678554265,0.7774968094272876,1.370409465173537
-0.3617195892976451,1.5187173213133673,-0.9485205159872862
0.1479958580155144,0.2968172845700364,-0.9571213030173433
-1.0962928492791175,-1.509750109671197,-1.7883281081329367
0.301252755838997,-1.1384395048269567,0.25048869398197354
0.5115439116552453,0.8124324546082486,-1.0015845182719705
-0.9013726563888188,-0.7003262431582328,0.2536577483080493
-0.022677218712498594,1.0687067715920462,0.9696776216339742
0.16111191194502802,1.8585894168647583,0.29323142976802596
-0.03343413215406452,0.807779734759248,0.49477864049829684
0.6381070880774229,0.16569525155929762,0.2915419577959591
-1.1163669389444388,-0.2472468739673958,0.4048861197924212
-1.2367061934584205,0.9351816504095831,0.7819748076101196
1.0587496070168274,1.9537898791225041,-0.43307810234589617
0.25394089084125815,-0.47609899191280713,0.3813808409176779
-1.8320116673788018,-1.0019506853393747,-1.2099847167487936
-1.1821190407569868,-0.9775543166676852,1.9096716843656825
0.4114208807365879,0.8714782313407001,0.6887385409869926
0.08936858654785305,0.32778374544999345,0.5123175339841715
1.3083028750252506,-0.7042347192642677,1.3618222735554721
-1.2174910655421418,-1.7794825443777873,-0.9393130725934296
0.818172423373812,1.4105059547574161,-0.3623718080184518
-0.22866450401063987,-0.7978117317320638,0.9848283073457852
0.13843330272479387,0.5335735305468826,-1.3121009305177125
0.9197227323769668,0.21158909517777313,-0.33095131504492215
1.0185504529351386,-0.20012288068537276,0.6046863116973538
0.7976486429381369,-0.760099002781978,-0.04449460032412916
0.7323737231604004,1.522861067591704,1.5611586827946387
0.039863305404921195,-0.4088924880744462,-0.12065532775487181
0.8106522927969589,0.058120826239342616,-0.6481114203468884
0.4873442326494661,-1.5026570988520787,-0.009139069169001868
1.3081126984248468,1.3731103813235945,0.7233345337713954
0.29209851289485833,1.3824835238636066,0.04360659431493763
1.4902176583452962,1.2279918688789473,2.3900178013997655
1.901880641990444,0.344407911176681,-1.4626976367175155
-0.6979975330137883,-2.8578865227682333,-2.17259643467105
-1.0403431769582814,-1.0067351616652709,-0.014633706842256955
0.7174480981452941,1.7589373083632571,1.2386612172314804
-0.7941638327518361,-0.09279008029154756,-0.44038350087933287
1.2546216932943226,1.7834239560317189,1.1858067026021026
-0.0998611558429656,0.8699735791632477,-0.4681416968051331
0.022770673281341865,0.17841943779308836,-0.21625923403437464
-0.12332660763398441,1.174371283572865,-0.37967489578871233
0.6296419011065869,0.07124355840749358,0.6130928210892863
-0.6454018432168811,-0.36522026191730184,0.8572738669439584
0.805567302956903,1.3355527474366036,-1.4535256380040324
0.7940466187827407,-0.4780241016133203,-0.11364194716015238
-0.48337373318474947,0.5310919948464206,-0.21029893831749633
0.8409298859128745,1.7438645886221686,0.8217281891214545
-0.29109276377772164,0.5897847294546388,-0.8537652031601062
-1.0201000315663151,-0.27490038796195626,0.17047118003785477
2.1406488709940126,1.1558428629221051,1.072393070567088
-2.4455044504080554,-1.101438630389062,-1.0484145274479326
-0.4817665034903285,-1.0300397249151092,-1.6218273317855845
-0.6785410455146563,0.16688403509991706,-0.4353143277870398
-1.3715247418305039,-0.6570528706847923,-0.2642412475555708
-0.818631379714633,-2.11524575169111,-1.0077903231775
-1.009443746549674,-0.35387692363287465,0.039739125300745914
-1.6817644731032622,-0.8830440669146475,-2.151037723060998
-0.23031755482972383,0.11514643408799591,-0.9321786967107539
-0.4341713213316742,0.22440008624015886,-0.1548275623528454
-0.8227312797783115,-1.0244532214020228,-1.674601345090231
-0.6483779343243413,-1.4796441716683773,-1.3752156856566993
0.42574814966562413,1.0670120855038439,0.005385354940900755
0.15564922338944617,-0.8326974883027639,-0.2906642300076677
1.3293138955522104,-0.17245652556264868,0.8498380938309695
-0.24377975691685955,-0.11513632002255647,-0.6543235589430962
0.06136300447342028,0.8101363867727182,0.6170096563222821
1.0478186172058568,0.4081918971684454,0.8134691352457972
0.2120806483476933,-0.18737113272855718,-0.17631080732883753
1.426146374730184,0.7860896458679081,0.007564641127898675
-0.8441583423244593,0.033790076439428995,0.38812051991886504
0.23460510336225338,-0.005521705976849006,-0.04921406418594128
-1.3861004737156324,-0.49393920899599286,-0.6989199696613789
-0.8195514176967121,-0.16516108574758964,1.4001765399056703
-0.4457706189593574,-1.7168650335745483,-0.6191423563886552
0.3280018934670871,0.14435873826173948,0.6171236641955797
-0.8044071569996362,-0.004124963537473103,-0.7992841811974551
0.37244439115884403,1.1549026541182825,-0.08928161092716957
0.7209477875195381,-0.20004941063071208,0.5443633610927839
-0.0439408162659604,-0.35094187334527827,0.41910124940321614
-0.6862821539737386,0.862716480848218,-0.984142227998212
-1.2824920065828729,0.0720817815007131,-1.3396414228805107
1.1653725725995014,-0.1238042959534954,0.3490246760345963
-0.24495137118840385,-0.8648278080780851,-1.3477123221866554
0.2598275229800943,-0.6647961906681701,0.0860137774123195
-2.0434917342879393,-1.540046853481369,-2.347657465293733
-0.3446889186834432,0.8510090490665254,0.46597591760533685
-1.5836587282554921,-1.68412818997883,-1.0566005552484383
-1.164404578006458,0.3515764024965504,-0.9483747905235425
0.4591900200166243,0.28595711299698007,0.4223422966573621
1.1148098665572057,-0.38748876845972935,0.9778263244793757
0.5361669035613659,1.1611946019691306,0.5572142856363609
1.0556501429604774,1.6128347096064415,1.1512803147761657
-0.30585677904299613,1.1580150398820996,-0.10950956799200645
1.3388864894181025,0.9599944108011389,1.4819436169275995
0.7114715608510743,1.1252790117752354,-1.0992822815412917
-0.8238669425416343,-1.7717852861386543,0.7237783642012685
-0.8105674346273964,0.3545149280547941,-0.23588571232769395
0.4151683258350985,-1.7286309830088729,-0.5438169293151593
0.45096762720485195,-1.1956604259566466,-1.2934609119078722
-0.820312136905364,0.6994260169086781,-0.4418048452600458
0.1312884460792898,0.8904971246769119,-0.5751423215818108
-0.8014325492057017,-1.4556695220020293,-0.5511498491826847
0.36571398009221256,-0.13283055852456044,-0.8610152337706874
1.2578434710256259,0.042176314952487415,-0.5697452164980444
0.059866087879818404,-0.5862862835088349,-0.5063792274381208
1.3904584305296257,-0.30507335288424975,1.161194251200718
-0.9789656583605859,-1.0119501901578523,-1.4901665365717829
-1.2473494966784024,-1.7811512008935624,-2.3486726818430985
0.11700527055109228,0.09742395107847003,-0.06886326763069414
-0.543380146398712,1.0041198026714602,-0.05017793043026006
-0.49529434536680966,1.294977511046719,0.5218613983880152
0.9864651611372668,0.0032953854393462656,-0.12307859922863357
-1.0797939122967795,-1.4482488783642946,-2.0826744984403494
-0.2690492469298722,-1.4708364748726128,-0.7782946580767932
-0.8811474030171373,-0.3171324669565394,0.37278879634041334
-0.6678451662953001,-0.5658420832972602,-1.5162325130364263
1.0898428724986788,0.5717601516461929,1.1845302091495404
0.40089986384340287,-0.2622682019536927,0.2272111255856022
1.1206270186611773,-0.035716873494694545,0.6911368769959342
0.22965134003116838,1.4595630163079407,0.5808987095826247
1.4815685233959344,0.47403983264016425,0.4551961864835407
-0.4834975292287655,-0.6310210390889279,-0.501202865759679
0.0509685367374524,2.1583861467491556,2.007649456915091
0.152782508371776,-2.185918695180992,-1.1128335876154622
-0.014735661452970662,0.099415716821379,0.3558903946532502
-0.580885797713737,1.482838273316518,0.8448229710357325
-1.2020478201438685,-0.518896548646109,-1.0895214430610631
-0.05307620788656473,-0.028204435945660265,0.2580463662417394
-0.941291600906115,9.966340635181314e-05,-0.22981899134363606
-0.6061080481728972,-0.651015040068277,0.5221774644320534
1.081901263377454,0.7335949023938828,1.4880677336024215
0.4437994264975424,0.97289246072231,1.204292912780256
0.2841584263108925,-0.46562042770710776,-0.2730106027737331
0.9338070444376748,-0.07790672385118791,-0.4229290205324976
2.1287406326486287,2.0367314733328796,0.8286665058916589
-1.5842411732918575,-1.2031876261885484,-1.9372854361071294
0.9756241939446126,0.024667940150077006,-0.7202260461458191
-1.1590124249333364,-0.008858318911313057,-0.20637250464223325
0.9731196478758279,-0.3251171165066271,2.385734882712423
0.41851258464173846,0.44657402172026084,-0.516296509565194
-0.6516053741638241,0.1271129333319045,0.30645079079124893
1.8448084360004473,1.2505109724563592,1.0612982013654324
-0.4172028564696851,0.0023292739676851193,-0.24073818424126472
0.12647911864545464,0.17490905036948573,-1.5533240793635155
-0.1106043338537376,-0.2909994482868118,-0.7168127194651833
0.08449938389007162,0.18401567682408881,-0.6085947347678662
0.5303403109354073,1.429158139275807,0.14455499907879954
1.3071189621616282,0.6396235154053381,1.3076300647694412
0.21361938678410192,-0.40292808306087624,-0.8805194090808826
-0.06123444223658558,-0.25368429918577673,0.06082759431876973
-0.7209903406396818,-0.3645718647143587,0.4911452025474819
0.25368172583527476,1.8820225678565763,-0.6687200596322324
-0.6754629938126858,-0.9896272856669737,-0.08835052265343102
1.2993740715865905,-0.5951742349097516,-0.68296784865603
0.3536725296323012,-1.6122623831787126,0.25309168383565867
-0.566306701005462,1.8705401436323044,-1.5085508073351919
0.5213435546561238,-0.5262727464747363,0.41495982928783604
-0.5828258268426283,0.8037723757725763,-0.5572248769384335
0.6285550100874795,1.5163784234256026,2.1591850915774344
-0.8145526776831893,-0.2725808630940836,0.5816392889219402
-0.9692484488669213,-1.3823145056402453,-1.183026109560371
-0.25446614592915406,1.0852098105266812,-1.7814181619872826
0.6417347276488944,0.7724363596448434,0.10494412013059795
-1.388197977393327,1.2717503157836778,-1.1914604430915126
-0.8511400592864499,-0.7973356255156552,-1.1072160031089622
0.5564043531555022,-0.28088029252401714,1.1426105206962691
0.9784857496919588,1.3092487005689282,0.6885614705447163
0.022183851161746634,0.6469244903328696,-0.3543369776647022
-0.04093544405800869,0.5322307366614549,0.6047900682626013
-0.5381519747793044,-1.3940217668089963,-0.4496282429438423
-0.05157593772187552,-1.560308802506648,-1.3970429064687209
0.07950186682970736,0.6823707615458576,0.46319413200516185
-1.1261289124749116,0.0491849361210579,-0.46133570843753
-2.08278399675426,-2.2092794925466688,-1.9315079559731418
1.0515513757074462,1.8366460857097544,0.8541257101887721
-0.3209667596401048,-1.104724793439784,0.5700295933069249
-1.3184375931952201,-1.7532809594016154,-0.4048040565337996
0.29421236310798937,-0.24301937988271233,-1.993924632623187
0.7504016124726783,0.7239765064577814,1.3157944179483099
-1.134334957349234,1.037302485101724,0.6833314558735293
3.105613985552082,1.4943800249333767,0.27231058475242964
0.7356676941462703,1.597512469172535,0.019532452691105817
-0.28729967365653913,-0.7117578015011127,0.07935254977954709
-0.2935709633222181,-0.5475360350396061,-0.16285419186679181
-1.1800750302863106,0.1843461472815464,-0.2650755716586961
-0.07698212792854646,0.6678340089070127,0.381154263545355
-0.6944691499223358,-0.9360656172762023,-0.4382932338026238
-1.1597257486125068,0.7949402912288174,0.6261690733973524
1.4909243736444426,0.5322400511296426,0.8637088999531634
-0.942902348707161,-1.0464726290148387,-0.40441333038157207
1.0368778909854035,0.8243603529110716,0.5665144712095104
1.4075126488431504,2.221370000418451,1.5570203793548572
-0.3841793882429963,0.4102727776172359,0.32611381741582657
-0.6443794648046177,0.9975879002215418,0.8838888690977083
1.074655966557345,0.4537136551809531,1.1953816875704855
0.7972636941396138,0.4922276756994879,0.9274777664587526
-0.6234437286231387,-0.12150160686404574,-0.06868756454889008
0.11210238919700832,-0.9025216170958633,-1.0525654926864463
1.0494135296117477,0.39669639539137247,0.20068291521159765
-0.6503327753663974,-0.13485935063028592,-0.6744496793985695
-0.02259832776148353,1.0427421890457353,0.18181868797711231
2.0244791947014775,0.5102764213748574,2.1246356170277223
1.2720601404279472,0.40619338324059195,0.14006266216818158
1.1543341344795415,1.8563580871217231,0.3640911990932173
0.6213885954093668,0.8646665906373832,0.640073630322797
1.732786791973438,0.7682314287753731,2.03729779633319
0.39926342020216143,1.2887045438425804,0.8485039424627652
-1.5671647348367603,-0.26290383902115255,0.7431225473877736
-1.3997504762501387,-0.22974436355242167,-0.5910854702345909
-1.2353402607625703,-0.2351731044802397,-1.017779920095422
-0.5177815791231212,-0.8910192866043507,-0.19971507549360215
0.5790430007502742,0.2249686347478041,0.13050879976648325
2.1624951982752276,1.6508940400401617,3.63896513863972
0.42684498201671967,0.7413953907794324,0.9960366785850896
-0.36240027916570483,0.8751622214469691,-1.2831818244053816
0.288210379424413,-1.2979264504743881,1.4647669227696414
-0.2628281778901646,-0.8973912064955051,0.5703308393131522
0.3012721717717048,0.18568253086746933,0.1654247761607486
1.7102963267441775,-0.5133907415742157,1.077562666124507
2.197938420379664,0.9939216871845395,1.288221159391921
0.8045820550361124,2.0680403458448096,-1.0559156766991673
-1.1784482486935983,-0.3168805488541653,-1.037503212125333
0.17897823988021885,0.3220555788151619,0.788325882247498
0.6684553548372755,0.3248492473778776,0.4720474892804209
0.7753813902076091,0.5819387853087695,-1.753455682540613
0.0678351898871427,1.6793043423123994,0.39989463031405814
0.22338766867215237,1.1168132410521732,0.5214578893043875
0.11827379751301281,-0.4288505973296667,-0.31921168703549563
-0.7116030404192438,-0.5206474980759271,-1.978543076750219
-0.9264844583927772,-0.26542656461477226,-0.7051884705851603
-0.19785705038161097,-0.8055348774601914,-0.4422522148881691
1.4308276799053596,-0.5514884386396679,0.39146116692940686
-0.361880722466564,-0.9302764992653111,-0.3321461092897952
0.08113830027534762,0.42313180907505465,0.5733281283162233
-0.015441626964822937,0.16166096662670648,-0.3993463846176719
0.08730883693945876,-0.7890941932581294,0.1867158931941863
-1.8332984198169342,-0.862362699790782,0.5568040247135518
0.9660888275167767,0.405566390442356,-0.1866672164559527
0.3106967402450879,-0.15792438458085767,0.14407864234837192
1.2506838091766699,0.02634423530430785,-0.04914669434756791
-0.8826811728568249,0.3891758855659148,-0.12306635071076288
0.7512032702863282,2.9735191068105764,0.028948756680928556
-0.2785755915865685,0.14853179361827532,-1.1269472068141064
-0.2402967341121939,-0.7640154387914405,-0.43202835973787856
-1.0719209556922642,-0.604427974186186,0.6756982029327531
0.5802619420831316,0.9439500353296317,-1.4196298527548041
-1.4044372146156645,-1.348515771421316,-0.9436317841699108
2.414419919332467,-0.06272968482241748,1.16983135909349
-0.21540799229812857,-0.6043195972950576,-1.4035879515298246
1.9826107663604895,0.7989887737329877,1.591696156843799
0.05172222799294739,0.20372616783595174,-1.213048181406061
-0.6673457437318855,-1.3161511177488108,-1.4547011791192728
1.7056379702369533,2.632937500878591,1.861536124391053
0.005013138044205144,-1.889353574728337,-1.3249832497003582
-1.0768536551301424,-1.2816549265500652,-0.31887223434050677
-1.375239427237193,-0.6518678887505913,0.0044866378076129365
0.49441697428456327,0.16753695241801267,-1.1530265474686585
-1.2163003056471808,-0.969636508816142,-2.820529518857345
-0.6973538477087284,0.7011551633291806,0.5541352576318318
-0.30372835580368746,-0.5059606595169519,-0.5042937988133204
-0.9014335455598769,-0.5590122149493986,-1.0791548110312
0.17355474723539033,-1.0571753106235677,-0.47264649836953293
-0.08231159821337294,0.1490673101190962,-0.44984255129066586
0.1553368598941868,-0.31686698789428536,-0.31102498617474916
-0.2108423065322289,0.38633553390149455,0.6618285124438872
0.16973830086067648,-0.1277136727900529,1.8078239314431421
1.194266931716334,1.5573933408460419,1.0827848965541593
-0.2703327901647487,0.1289111547410993,0.431258915400713
-0.9527711348904664,-0.4891416235439172,0.4856931527265172
0.11758623315183805,-0.07933875841371116,-0.7433650979973808
-1.260512746300579,0.5213154781215442,-0.025247495242245843
1.8355213473708938,1.3834134653008983,1.470035986458505
-0.7463454033400502,-0.1334077170778432,0.6024630370599795
0.039077809290709045,-0.04848229537965083,0.1424618908200435
0.678722468416936,1.2388611900296165,0.04821467816616243
1.0390157352802694,1.704090597703704,1.3943580841983607
-1.3216108211113737,-0.8330134180316683,-0.8157154171094085
-1.9461717161237873,-1.0855888464892516,-0.249575963063298
1.6241868672844817,0.8758094312813935,0.953634095312978
0.744410094189547,1.5469420879647566,-0.05058115324507051
0.5366818743155387,0.9024139352277833,-1.1909827807643858
-0.7624260117104695,0.3797321912399309,0.09845424426433638
-0.6766086603863337,0.6153840557721897,1.5368795998129055
0.50597184413751,-0.8315037754578112,-0.7770782376893846
-0.6556776797032112,-1.0640356901929233,-0.5987629418189628
-0.8571019339117859,-0.42961518995018416,-0.8305648225495159
-0.8953536263544435,0.05558850144056715,0.4029416610560348
0.6339389292448392,0.5974606339240022,-1.9517780030783927
0.776593980217723,0.6276765469444324,0.9350432677530134
-1.26479376346398,-0.7787927078792071,0.27992646278048505
-1.6650015454509655,-0.9224649365105144,-0.35005137594196123
1.510164264455215,0.9216514589328255,0.49698616595648726
-0.40159689782470553,-0.1726250863868433,-0.26698365260750023
-1.0444196742774219,-0.5951352352615986,-0.2745640306531392
1.148695770013428,1.6078720278943692,2.812474419222569
-0.09935205324460494,1.1100739805718711,0.5336717171249468
0.12175302546278115,0.6717234816034848,-1.4267493149600892
0.4377106388556,0.03824251585586755,1.1230698778622088
-1.6610073396655496,-0.6577057147796417,-2.1622627401713994
0.8426256801749263,0.5113938832710392,1.1670685583167901
0.34950679234630533,0.33222006605148513,-0.5861963961175481
-0.8090569013446857,-1.0415820758246352,0.08765496288718655
0.7562516495893624,0.7371682404450055,0.9365227052479406
1.04046820411394,0.015388053290955939,-0.8801530154170496
-0.5862355699424029,-0.689003332412956,0.5332414961899072
-0.5258912172076324,0.7480334873634434,0.13506422721271694
-0.8214941408839188,0.4342894938933981,-0.4275041796343947
0.9369943009852587,0.20694388431589933,0.6385742572521422
1.4654609982952644,-1.8893752496127783,2.0842276950536127
-0.9203657155813526,-0.4659328159411098,-0.6355862424778551
-1.1408820035140084,0.04746102524838536,0.2954869347520795
-0.1453688591435988,-0.3143217834600689,-1.8710436190496522
0.38529263892103227,1.52758792478674,1.2458820116320837
0.4035783383578599,-1.0781997924820623,0.47748158747921254
-0.407339192962173,1.0701960138930298,1.0180964653085391
-0.6314032490991726,-1.9167707762934756,-1.2742264501397647
1.0207456499193956,0.922594781610212,0.7580063551911285
-0.8512952070528716,-1.0680705545948883,-0.8790779184338727
-0.8776458745526465,-0.8791939484280579,-1.8090376833370279
-0.8421748084606744,-1.1939196997206027,0.40155041648755807
0.3041968405978402,-0.07154177710504525,0.5056739653434605
-1.6734561017783445,0.003463281963636433,-0.49775021768222083
-1.5988526622475905,-1.6383405054966143,-2.1692739215232835
0.0809426275259837,-0.2345430960762555,-0.47765654513914696
0.6280823801886525,0.8189663387821586,0.4171568474564706
-0.5866006029163009,-0.5837576675937358,-1.1131026180424028
0.9574223675432336,0.5144076584339764,0.5070010734199104
-1.0961234322674787,-0.6869708104193427,-1.512329583187082
-0.6014296711530593,-0.47437314697180255,-0.5575408596665391
-0.7810540746439318,0.8207245192128486,1.4049159689563897
-0.4726434801432094,-0.5581500394034604,-0.7657115177386358
-1.3920728137660303,-0.09289167283638011,-0.02079398337651195
-1.4600872155419622,-0.7782204539710136,-1.2137611311705492
-0.09349707775195164,0.8546801343620701,-0.24098254900266608
-1.27311059008194,-0.19675033056588176,-1.5620453192765784
0.7132237277691298,-0.5938280179239824,0.5574808163465977
-1.1286172608983938,-0.771099836405347,-2.9648856141403184
0.5664276546433054,1.3871588186309805,0.38489236056531656
-0.8816626320692321,0.10090570267739779,-0.14061565353281008
1.5375861782524902,0.7171786147589851,1.7371175914328258
0.9825124363567915,-0.9500293868521984,0.5540328386271749
1.2542474288249015,1.5762779355002112,-0.11851025724900743
1.7192778329622673,0.5310861076384157,1.7670795492884093
-0.2166998439853646,0.3679146606358002,-0.8436287056538261
-0.3220619595176519,0.43951215574549785,0.3141347789711192
1.0223878223110863,0.9688978810616056,0.42587077809670704
0.23679796020447572,-1.0908507929497169,-0.3010862145981947
-0.31587681213146146,-1.9366225539002566,0.4303063161299413
0.2761696965736087,1.7133055898212914,0.2630864171909387
0.8691062407189744,0.27485668665370605,0.5600572173889422
0.7770124772987927,0.27575814847358027,1.8580826089524052
0.37921431048402837,0.962124960278166,1.995032647639599
0.12956847851102216,-0.5651223656745454,-0.06260355021675168
-1.1158414839662856,-0.5921202535395679,-0.3583905468428368
-0.23211799952090972,-0.4346209802075099,0.0525455982266648
-0.02114722076968627,0.8427661248903577,0.8615055896065011
0.39076819294962956,0.5913704290794196,-0.3560823318110598
0.44650442833797366,-0.3921147734628393,-0.763565378815514
-0.3584998613560748,-0.27598477227830653,0.14845588350141212
-1.9255453365817459,-1.3629591399823517,-0.4023429451867536
-0.7106823645577217,0.5201128632456786,0.29563216669479453
-0.5374503942587212,0.15505040403768966,-1.412956614446234
1.5426407129508302,0.06303322329757388,1.3419240999704611
-0.4170079855572724,1.3445398455529725,-0.002428607805577826
-1.234042245526208,-1.405190544840381,-2.058855183621163
1.483080576897365,2.116507396827236,2.4093427349029355
-0.00012243434335689054,-0.690370993688875,-1.6164280779555709
-0.2114516373917335,-0.7727245102653506,-0.4365859295121906
-0.6597790502587306,1.3750283349911099,0.3703449642398359
0.5480138887480583,-0.2058601951633217,0.577718096984615
0.30327444014563465,1.0317056005762903,1.187214753318701
1.798880715301381,1.6318635015079264,1.492009399072765
0.28782647569379166,0.06502088928630666,0.3906125802811706
0.9351768996027466,0.028872391290227728,1.7782067724167394
0.5607199429853924,0.8981333566130367,-0.507986319378551
0.38997547817605066,0.38307137157386006,-0.24139010461165816
1.3099172066697504,0.8829332551588773,0.641905849968978
1.752080716861769,2.329332469887069,1.3267820471492118
0.97780632832747,-0.23414384654034615,2.217463168272892
0.025168134344350414,0.2563205961184755,0.5492446388081906
-0.9657696842607949,-1.2660745386835301,1.0367525845080379
-1.548384642579994,-1.6832406867239806,-0.2659231806102519
0.2810737852237953,0.42135296528827604,0.5148752491092904
-0.5682294535791245,-0.5836419850880357,-1.0855236470819907
-0.3517543655837827,0.9641905182615023,0.5435232989146536
0.9810707457073502,0.7046843322954593,1.289042284815475
0.12071470069673454,0.4123917758520858,0.15918786828347728
1.5086981224343945,1.3850420399254837,1.7655939846538824
-1.05317655007913,-1.3223828279536893,-1.5828587897548252
-0.5348126957464808,-0.0903818311301014,0.41152532374506556
-0.32225227005110263,-0.50963339995861,-1.4998113534399498
-1.707915101658673,-2.962804169066596,-1.9605746097675822
-1.0795814834395927,-0.5502623671733804,0.3471515760606525
0.8236669977749561,-0.44734055282451607,-0.5618788339339978
0.735738544282218,0.5573491093505167,1.747069299309947
0.06653770699610938,0.7641933094010664,1.651178280046807
0.7682384125134066,1.6177305281286478,1.7315410515399163
-1.14539192646544,-0.4415886221503055,-1.3095507846185086
1.3964613836531317,0.5726211531124791,0.9107945375968269
1.4643414502173318,2.337814208740348,0.6922513204663371
-1.0773145820740986,0.2422350702853917,-2.195792743754649
0.8973664915787153,0.7606711736416958,1.9684320203721966
-0.15885611568700667,-0.49612379738233064,0.39144884514236167
1.8315587285005497,1.6936628119291508,0.4339926924644567
0.18111186695954798,-0.3773983631437302,-1.0194410490572772
-0.1398896304528459,-0.2860087464004095,-0.20416190281240035
0.5663701656122269,0.8494604399000301,0.369190330789134
-0.2414297752566933,1.1512180617388978,0.5915127558150789
-0.8383712728097817,-1.777630228205006,-1.5455731386103102
-0.7321134413677397,-0.17852520102500183,-0.5293228097886095
0.20621957414941372,-1.7847347278191759,-0.5667876753262087
1.150144203902396,2.258758140877573,1.71648298727288
-0.8631824366868197,-1.775559689970087,-0.5556428744703223
-0.2809298719543939,-0.2375233891400257,-0.7675167127827495
-1.1427027917280559,-1.2833418586286771,-0.983215891142449
-0.5636332998023317,0.34001784870551904,1.0709676623249276
-0.11686686184364485,-0.914192278602986,-0.10319662317971615
-0.6248617350818967,-1.6465664287531254,-1.0504613779952052
0.14990380880932946,-0.1727542705235298,0.34104436048559916
-0.840492815633829,-1.9991615127118951,-1.0628725269468136
1.2855740982487132,0.34787085050469857,0.5834926699014533
1.5042843629949065,0.6171597329427856,0.2560211758088223
0.674539978229511,1.0838502503876235,0.34167164439685854
0.33297785402524643,0.5548755532612784,-0.961332602291474
1.3883906040834086,0.013651035672744949,1.183285105678142
0.27369330745373016,-1.0344356593196138,0.9177059030442943
0.7266549412977804,1.0811011284595633,0.3803173348477711
-0.3169026670804465,-1.564511763087471,0.21986942562456124
-0.7884862011111404,0.15137847505890006,0.3088721457140653
-1.1597644965936027,-0.6503198237214588,-1.5526663020559988
1.8224711304124057,0.961545336057713,0.522265473120014
0.21714569439232453,0.38749078117588137,-0.7564908837826303
-0.6121069708779492,0.3916326479298197,0.47836099908952434
0.9285507573763556,1.1160744934676217,0.7938046528701774
-0.9570926503598478,-0.4122940021667398,-1.6288020301842905
0.18529739790187486,0.6549886150459909,0.26597520822182624
-0.15713700408233275,-0.14775882262384327,-0.31485497187577943
0.5840729524480287,-0.1448735999294885,1.0505406496673204
-0.2416999831950238,-0.9498120978970696,-0.8011723110443827
-0.8596972712100507,-0.5509653968963535,-1.4631299188163
-0.3888719941854008,-1.9354057675387164,-0.18510146817445672
-1.1393069105938565,0.5988516594497431,-0.4708460887718253
0.9202411235795116,-0.7537445700954454,0.10882684007610754
1.2792677146353957,0.7466660534923351,1.7763477880900331
-0.2864413184771158,0.48178360147539606,-0.19054494161246632
-0.44894428405581027,-1.6197341183848686,-0.2563651023790755
-0.04320260378758945,0.6228558759800163,-2.0580561835312756
0.5544493301312866,1.3195939981562228,1.47046164388493
1.9704974843226282,1.5169552515623461,1.1390447631102643
1.5933146649952283,1.3249880907968274,0.9763968358600159
1.433288065716803,0.7341271147009684,0.6996100574833308
-1.3659331779933566,-0.5931979453690697,-0.4443207806306915
-0.2599315601269031,-1.3789581688576906,-1.4838555602590635
-0.43962613856709204,-0.2059302908761271,-0.851335101844776
-1.2314963388246971,-0.0036182245612348396,-1.3041113074814346
-0.545381729430476,0.9954397347973445,0.40154997380730423
1.6498463365384872,2.892469128116947,0.3406044064963676
0.42313176648477435,-0.4805414947301156,-0.7266677563312196
-0.6941982906872849,0.2526898976962664,-0.7786628902008947
0.9477687278482498,0.3467963048057866,1.081429265020186
0.4579213878444628,-1.1394249750556793,-0.9293276820831269
2.0309726283528806,0.4883963796187327,1.5547327202157977
-0.6003002846024986,0.36671393598294305,-1.6215626331549227
-0.7197307671919797,0.6505271128998693,-0.05691361120971352
-0.04859999295046021,-0.5368678409023973,-0.6511509993243453
0.12363899938641879,0.7713173732205197,-0.4436918058474488
1.175301838865665,-0.9817047557353921,0.5794274656847118
0.14754557299809756,0.2504999116999553,-0.478411821079628
-1.3515405722478717,-1.349405873480312,-1.5470649028094505
1.8129229522887806,-0.02107514081595352,-0.5778388737252307
-0.09773486216216515,0.5401683453118127,-0.22539026436356668
1.3905794098087316,1.1144392475377671,2.3651883608838444
1.7838301986743066,-0.44254025350779314,1.8122666882548917
-0.6913012540364679,-0.7307813629428832,-0.5187749509031016
-0.8705231252571527,-0.04101114369413278,0.42427354112959464
1.401515147139503,0.12564179432119515,0.289851227265104
0.15601565406948828,0.44648155427976177,-0.38350458326637094
-1.7819986699513672,-1.9963236928901171,-0.22534783987652562
0.10362077331726882,0.1807010804717758,0.7152384141637611
-0.6314886383496283,-0.7196636124066849,-0.9393038198858147
0.4698527181096183,0.19210148777834818,0.11397563709969272
-0.46780269483398795,0.7598866259604811,-0.3657102987025879
-0.8911904324133274,-1.1030946033081492,-0.9732857991082038
1.0505949638468737,1.4756038659286053,1.764743385250404
1.79991632655584,1.59405183317672,1.3990682641727683
1.9701229817730639,1.206901656332733,2.4338764765335297
-1.6392135988689165,-2.006660308435634,-1.427089941121468
-0.4813217321477335,0.6911993496656594,0.34364328044139436
0.7069654135247608,0.7108763162451346,1.0747711055100329
-0.9895731036624,-0.8107718800737949,-1.153940681486989
0.8918301094135832,1.1056088414411667,1.4762994660340323
-0.9766147002327011,-0.9397563387684962,-0.055569803772255844
-1.5649415534800635,-3.026114740192016,-1.4821845477319173
0.05758800671404926,-1.8848228595419578,-0.1371147107831181
-0.8971946958799553,0.46679089143962543,0.10190107069891227
0.5201620434739289,0.7285021794012698,1.8614303980849898
0.5437172357402876,-0.8986979844988467,-1.516099883504256
0.529177741234189,1.3872927562505555,1.6108120674195487
0.08164467211165287,-0.3444012377714,0.08009858689519736
-0.3824003199219777,-0.3639465367223649,2.4368186399517153
-1.4634980219115488,-2.383886679373278,-0.35756036316483264
0.42673169319557264,-0.1420335478388512,0.9876683832302245
-0.0492342816046964,0.6453467156932026,0.27477972747987317
0.5559697588686113,1.1544394058857084,0.85514189786515
-1.0702225107882297,0.2773619577836334,-1.0800437587185596
-1.0042060904605412,-1.0455539093921722,-0.43677606657502877
-0.10181315674035836,0.12458708066963822,-0.5028795005985255
0.3650852526330858,-0.8637858402424388,-1.4637341991469885
0.4170633265971735,-0.34573572605744374,-0.41501391424641443
-0.5330650697148963,-0.6949882008051942,-1.3058112074276074
-0.03780287895841483,-1.0891342372511645,0.15125000522792564
-1.198146249024636,-0.6818655556869633,0.8657034669104615
0.6071496322580718,0.332645894542716,-0.23811430010322104
-1.2335702398544852,-1.1859960598607504,0.22623287919628965
0.3439864710103442,1.0852992358048925,-0.1458343716874776
-1.13973523757437,-0.6532976306726916,-0.10937048256984427
0.36292525887731103,1.3122370196074902,-0.17092965973798158
1.1950449964769905,0.5544318514547252,0.8508982190420806
-0.3985860971468008,0.22278438281204882,-0.5236342635987308
-1.14817791076078,-1.3710054608006939,-2.1794603681877733
0.3173921330425556,-0.7548688049048999,1.2223797217555321
0.7865281836335295,0.22420916614298134,1.0425662403622193
-0.7155831299351568,-1.9995460527669118,-0.024766874264449457
-1.2621991323710737,-0.5324619735765199,0.09249683945777332
0.09998258934701786,0.33310512728551633,0.16578221505991514
-0.23018485076855738,-0.25998894159853936,0.45646855788483764
1.3067211550908608,-0.9116952059729768,0.1437874143748017
-0.7730950963803761,0.39335133723404314,-0.5102152824711854
-1.3089724685863755,-0.8666845850979189,-0.10785086566488578
0.40103774647900375,-0.12276276761170757,0.5783942072515577
1.2720778101144408,0.8704660185605413,-0.08016821580125844
0.028866791352796694,0.9326132829237057,0.9617114949292234
0.0435775994928013,1.1767731222303155,-1.1875424577467673
2.0949801224549103,0.9256854463389195,0.24606489079427663
-0.9040880612305434,-0.2266615942414058,-0.5449602335211553
0.42041063551378255,-0.6853746174603064,2.7493039057225497
0.4523291703421573,-0.31136702040637965,0.051225714700442904
-0.8148177440060173,0.29497573016273054,0.7778203201701395
-0.87452928914131,0.5604068218545313,1.8491183870264245
-0.42561902018194414,0.9773044671280066,1.0318118789638602
-1.5164946591926736,-1.4995071112852618,-2.1254558888152455
-1.2019129975613876,-1.9192932526170416,-1.2707448924816933
-0.5005494769134361,0.3289021773385236,-0.8180322614615874
0.25191958392042246,1.5134841649209576,1.38300324529161
-1.457009886467551,-0.12872207254930867,-1.0412485955710824
-1.3618194265846546,0.13003902597872719,-0.4940299277029089
1.1271014416075307,0.002935336256686072,0.9725604811827665
-0.7506189605298139,-1.3940761257590975,-1.2035011933893784
-1.2964850562084398,0.10570062703306571,-1.4344503680803111
-0.25322305158701724,1.1901400008410412,-0.36488785253980904
0.5781171249908514,-0.2542857526534776,0.6723344180858272
-0.07545375774529965,-0.6616434458533389,0.7804728583151287
-0.45507180476303827,0.613462358964143,0.6633890115338459
-0.3416192471016389,0.7085311279511675,1.3580842096343335
1.8343012446842044,0.6816369615154466,0.8349218298401228
1.8292854561081768,0.9464170819796733,0.34242037364136546
-1.140971953341181,0.29580437223633327,-0.9558119684937448
2.2943248555614972,0.9515337969375258,0.4473006639163536
-2.0532028573334133,-0.6916544991984479,-0.34107380309637836
-2.04801036278083,-1.5836769297838693,0.06575752437494353
0.9322979953028055,0.4056196880164203,-0.0014284669686533413
-1.1653125246794627,-1.382572421607743,-1.3235099410055957
0.7387773279049703,1.2249927581032765,-1.0949598448117603
-0.8647659889228555,-0.055279956350569925,-1.0881760607998021
-1.166356700163877,-1.1476219994154226,-0.734869334969882
0.4686959846474143,0.5004293084265005,-0.11857008480885767
0.5137016067107402,0.7180745691948632,0.22356994616644418
0.8347463825672041,1.102450602677645,1.9489405140631755
1.6277290934256514,2.417372400421995,1.3758067783146863
-0.5195321576122129,-0.24478059561072094,-1.0634970582004877
-0.930401713371776,-0.9604541829951343,-0.9445290013692944
-0.8173837527594504,-0.2385446083641952,0.8387201150052013
1.3301562855784617,1.3978392761322287,0.5747150263038145
-0.4272011991584232,0.3537915060518677,-0.36957654602471063
1.0621335837375752,1.9981012168603698,1.1623809504744294
-0.011828916661349642,-0.9466758517467627,0.6443424658166502
-1.0997933881758022,0.16211225055567757,-0.21455526166517294
-0.6860746126660494,-0.6173214170071968,-0.21095144610505845
-0.7172353673930469,-1.925309337814358,-0.6895170217479061
0.7479184765628641,0.7100299105926725,0.9514780201311567
0.05131379719836933,0.09203353182112577,0.3631515131763819
-1.0024883142394243,-0.1950173112218732,-0.608139035290313
-1.6363541253101872,-0.9000719125116694,-1.1808878525835105
-1.4478438767568593,-1.254650470235621,-0.9115105298739151
0.9162215450513814,0.6998812636021896,0.0057380903231315505
-0.7244336841602425,-1.9795453405823704,-0.17751865831879932
2.3403008635709805,2.390663621248372,1.5129765414858893
0.29194483458772474,-0.34235782739634946,-1.7969621323052536
-1.4871846873583363,-1.3137367296711615,-0.47888335431370727
1.2153773198617788,0.6599904729344106,0.9482644303618881
0.1580062480599594,-0.02288194024026302,-0.7371592207278138
1.0272358790887777,0.3991132496464709,0.6676333349421569
1.437926382564996,0.9321132622812498,0.9072189874917611
-1.2928611780397266,0.1370672910725681,1.068188141443138
-0.4987896109149596,-0.6320755267325413,0.07825377416790052
0.1871914182446686,-0.3745273804181014,0.7499959364997544
0.7325048004155512,1.3692047616812912,1.8175368834762873
0.05542897310039011,-0.42158218206128883,0.3507013389200651
-1.0991728779035996,-1.5685633302859894,-1.8410116411681654
-0.2688495925516069,0.22181642464855325,0.35729868452309643
0.5163337794416044,-0.13511234313783016,0.8359284977688624
-1.1181598288326573,-0.6299029741163484,-0.3175863932203123
-1.0044849859487013,0.21383049859283698,-0.9017509536735977
0.30928081545113256,1.0647182024558852,-1.0923738386905533
0.8214375436414658,0.6260991015937929,-0.4648062713729517
-0.8891924118638802,0.9448152907411984,-0.6671525633374229
0.41809842289908333,-0.032575814920353524,0.5543235686779308
0.1965011545657279,1.0521657133311062,-1.2632433975936146
-0.09105152515729545,-1.3570772269531706,-0.42893514799671817
-0.6537292954137505,-0.4742426170817263,0.4652775229516645
1.243882546007776,1.414466876503906,0.6029898755104433
0.2861264983582031,1.7279764442054975,-0.2312827833559572
1.2393443938456963,1.337356508327135,0.5893142500052755
-0.24318658006318833,0.14810988390339416,0.1590673527091846
1.2709130744179375,0.06091435763888742,1.7644944966308014
-1.0957122947518434,0.22642955892784622,-0.2719520804961722
-0.9873533623067119,0.6154104802558196,-0.5174871488559478
-0.05715978789291621,-0.048275259668744214,-0.2100489036357954
0.7232665386530259,0.10971065602819335,-0.2298471087861848
-1.6098934876608861,-1.874809448670095,-0.5182957613673033
-0.20047823822781885,0.1752241417237897,-0.04518986943397759
-0.040257030325450985,-0.09532492038240369,0.03903094266225317
0.1313586066922134,0.06604666813489872,0.5938375499176536
-0.7115391867370623,0.3311315483816107,0.8561165239620665
1.821006871659976,0.9267601702650677,0.70804126720123
1.3261796982256793,0.9016617716845219,0.544783827697069
1.4179169857902292,-0.11069525316650874,0.568748272956192
0.5969861796932276,-0.22663364551364973,-0.3885202712310406
-0.18603406693372007,-0.1505825130466748,-0.11962331241755002
-0.3988429991051672,-0.35083587747005807,-0.7475705950881125
-1.3173593819325031,-1.8999650948491076,-2.0809700051672277
0.1184785265797288,-0.5765111374711297,-2.2668527928426365
-2.10200578046039,-0.17452900140683647,0.27390026545666446
0.2603105362936816,1.2545676244744965,2.235036265427869
-0.5715778056325533,-0.8772075494204854,-1.5852958527044092
1.041885990255545,0.585679697495179,0.6615234653188755
-2.406089379517878,-2.216909641933598,-1.070580283167119
1.2743921982797195,0.49571464395357506,0.3890554566453508
0.9154264366510392,1.8490775929813963,0.6043270486029114
1.4370954258608029,0.517728025541118,-0.5651870053171059
0.1290481903539198,0.0441886583155678,0.21839711310611257
0.17392206347228653,-0.21781665811216283,-1.441748855708994
-0.159739842288898,-0.3238496322343387,-1.3364690976665599
-0.2554099799884152,-0.24173347371490478,-0.19607307339170937
-0.35819740115151566,-0.015467620511609298,-0.3013213176149867
-0.23201280827603654,-0.08320384823978208,-0.9161993517796894
0.6987660666195754,0.49840955204329696,0.42008345703911654
-0.3573912748093936,-0.9286627592035789,0.814307382051219
-0.4330462198722589,-0.00691448662914701,-0.1095401315288993
-2.3876219624155315,-1.0070078911469231,-0.7966669398166485
-0.1252074037879692,0.7314169633915678,0.21358096264459767
-0.9363669079511022,-0.019135456476404578,-2.357200439204621
-0.1856819612607584,0.12777702011872194,0.0012081658019500313
-0.38151947318283796,0.3546568751652266,0.3542763930146231
-1.0303101123162095,0.2844529300710411,-1.45105214001487
0.6640353308211819,-0.11287909871764157,0.10811792781753377
1.3003158885276238,0.6955909054192458,0.7973489867533494
0.07853491603669659,0.3479060963520036,0.615933426290606
-1.9893596605473414,-0.31759211787574493,-0.015227993366974002
1.0188250910460583,1.649132326229249,1.1628544899113338
0.6598052840843572,0.6275956614664973,0.7157071545942012
-0.42723511194908803,0.02557354917887031,0.015437033012525164
0.37791318709008825,-1.0665641115379978,-0.37314996334664186
0.4748987553807001,0.27737561500622826,-1.6868694414360355
-0.8579615776377655,0.5659107182639311,1.4904923435479602
0.13106598097295372,0.4680248329230131,-0.015900463288534505
0.33162320821760793,1.278653338184592,-0.31598383526367646
0.3940353390648545,0.19919607259178104,1.4945157187909188
-0.2777825193813597,-0.3762471005793313,-0.6367994381711168
-0.584206740305376,-0.012308476804754054,-0.6993587335725313
0.22902757310476674,0.33151786310320797,-0.13049153200719377
-0.3422940389219545,1.1360648883722855,-0.3452729118347986
-0.5361953911406253,-0.2682155691054037,0.09490370546991156
-0.596619541440052,-0.769002896808466,-0.46891949612011385
0.9665326926692337,0.8381907420461328,0.8371664499799478
-0.6527041453949289,-0.3097376648054359,-0.5207826734306915
0.21919704263935536,0.379432108329356,0.5412607892249566
0.6324932242387254,0.7172827687032308,1.2947699118856069
0.23322450190737848,-0.5069860561348773,0.1688975728311837
0.22292121846638,-0.1830647564604137,-0.7253337675020277
0.5427899622246936,-0.8766581078157818,0.813313052510084
-0.7970974795401111,-0.06391665379693201,-1.8495243953371983
-1.1403065069419893,-1.0270693301695104,-1.677039655845548
-0.5128026375778286,-0.6821554560705083,0.1905889476767797
-2.029252302874241,-1.71266064058586,-0.689957670516606
-0.9065756600885715,-0.06662772914228265,0.2421165575642923
2.50111634694627,2.141348131404138,2.6876253205230887
-0.15917438016741617,-0.45997042945954625,-0.1963063249290248
0.9051323227565504,0.5648104905598474,0.5323930452556082
-0.007429641838307292,-0.8085087980616822,0.6017695550330466
0.4234241429774332,0.7565460825143684,0.5456225796205081
0.40085307165395206,1.6281943974562076,1.3451804996726398
-0.8319094704410375,-0.8152289905455531,-1.6310337354933777
-0.07903249584643672,0.09920792701449169,0.1492314202618767
0.7154733097330396,-0.2300321047394146,0.46303444384672343
0.5786747468534614,0.47878805166551597,1.5012360556226385
-0.9500659544101036,-0.2276538872246625,0.8517928900757501
0.30428586348327563,0.8299117382898775,1.0562117838602982
1.0853956466144403,0.8212528725355388,-0.5470023806036624
0.27067269653885173,-0.08558263377424619,0.1685527915506254
-0.26292544183302896,-0.1434773602953521,1.589595596823723
1.630815276505714,1.3974666954801989,1.5495472304628617
-1.8123042968098226,-1.678203599162451,-1.7685362360811574
-0.6086971513190386,-0.18061416139531983,-0.8175234758956502
1.0474930475227655,-0.3847948516823537,-1.5981812031873055
0.929094529755951,1.478793813778779,1.4002623531663219
-0.1810499488248116,0.16163232216260376,-0.08236537920943941
0.3681309729097029,-0.10151447443137601,2.150897789964987
0.381956091217472,-0.015585603766966827,0.8232603371567514
-1.6971801542769374,-1.8398572455705602,-1.2946527423455796
-1.6641778537226013,-0.885636542492505,-0.9048062450294565
0.3522106135265282,2.332951845843553,1.4360340071887223
1.995741845423822,0.6606181518590967,1.3401697101945267
0.19472288189741008,0.5410369123256393,-0.8511808333481545
-0.6722558781445626,-1.4563081349040452,0.6030384721277047
-0.5725312245832076,0.9780983765332407,-1.6696038360454621
3.0228426126403827,2.809880651474978,1.0407413025651016
-0.17345802601708538,0.5625805843812351,-0.6198561155077881
1.43718869533185,-0.09715476210909024,0.1939749567924562
-0.4885522131453277,0.2334780106622163,-1.5461287306538232
-0.626892646257466,-0.5525029782410884,-0.37404712405949586
-0.026178662689338526,0.5556427315858067,0.7124774914390264
0.3028852739864499,-1.131229438649946,0.12413534071703627
0.16054699039584586,0.35911265418530997,0.7898442206074444
-1.4920126052903344,-1.2688895570612404,-0.9052463425239183
-2.7688745177016885,-1.7124556921973355,-1.6039876132506585
2.005488889249901,0.37983885178638366,1.3634083638108931
-0.3784817289254022,0.2894604797106951,0.40588052268489017
0.48334822359415053,0.6046881069095991,0.23002351239125796
0.22714826301691593,1.7051521930494953,0.40101083061557236
-1.4661580153002949,0.4343986519065999,-0.10484331289267568
-0.5798559558126182,-1.2800186051174445,0.562096894402559
-0.6450090623717752,-1.0970549373805156,-2.0967007490465077
1.6128091130277165,1.0704773284018347,0.6443104550978807
-0.24054939761379493,0.1188607152719505,-0.5869644942074438
0.5130440476666215,-0.5087778512646581,-1.001124039592795
-0.025301735485991163,0.22691206732306124,-1.8118811808519393
-1.3363058691057896,-0.33762233429472344,-1.1340003356898143
-2.4744116819301953,-1.6435506248465774,0.15867068436444765
0.6491423957688339,0.4873927180167758,1.7005216375389711
-1.7945115998871146,-1.8062385571415969,-0.7867427632083852
0.3915766247294477,-0.34041149312388763,0.4806170524537816
-0.29240271751573177,-1.1652313676342105,0.42369860930489883
0.2041436858040089,0.5689233134878338,0.5738204862702713
-0.9004264417976288,1.1840493155613876,-0.7194160791275996
-1.2198884221527464,0.48180424454905346,-0.903442138381232
0.5253435111369532,-0.07110739185169512,0.03570954040041538
-0.860113428049521,-0.5590543175962175,0.23059547381527756
-0.29666996835048365,1.8659272918860776,0.5001581846353235
-0.23544909478477818,0.016574929239272645,-0.7531677705329649
1.1284325364162229,0.6067700886280111,0.6374209830486574
0.24020720254284683,-0.7692192787916915,0.12182794860016169
-1.6976374516433035,-1.4470895723979682,-1.1742383960923302
0.5797651509725705,-1.0403038035256231,-0.9762092383772514
-0.07371872313061838,0.1771331958480568,0.2704448300300182
0.07848423605556233,-1.696960722319291,-0.5883968764161671
1.5270415143918712,-0.20969698283818328,-0.38615985404469155
-0.19902931934981105,-0.9888096160743516,0.6184817556811253
-1.4414367033985902,-0.7552644914505191,-0.15151565507909426
0.5736917533929952,-0.6071516334567302,-0.6925276115602719
0.0417158316449363,-0.8688807826631012,0.9445764498060703
-0.8767004747919726,0.05680228559766837,-0.7894288535392597
-0.465363937122419,-0.36706689935899844,0.18189451252056033
0.6476667289503124,-0.4716737837455468,-0.1490942849924142
0.5662927359864901,0.139732852399978,-0.0588137910386122
0.37451188263606827,-0.09550316797053779,-0.23487986955071694
0.34394321686588436,-1.0934246680417372,0.49779516477126046
0.5408100733211891,-0.9116255084794609,-1.1893326614486912
0.6134612370708005,1.0294821406606083,0.949269265418945
-0.9330398395496683,0.583053211606574,0.24024366313433765
0.030811470081420638,0.7022525324008855,1.2118407174097579
-0.7430250160872985,-0.6751518211272338,1.589153248600871
-1.0753561789165116,0.4501007143087016,-2.1810710328908307
1.4369961275613166,-0.15580431199048106,0.46977186063236503
1.1654021903163354,0.7073247888472087,0.6695302266390284
-0.778168548938652,-1.0431862621467847,-0.2553252846555928
-1.9133616265476658,-1.0000658920702747,0.5763637192465818
0.16528952393381607,2.042659148041273,1.0559465570180273
-0.30407713107477846,-0.40075911948902576,0.8849960040340311
0.022722264943231495,-0.41271536804595327,-0.9103264303483772
0.7802690982854035,0.014962715193447274,-1.1527482977509327
-0.5673129664864331,-0.11621181168295908,0.5978092955036942
2.7502200550237443,-0.1016115027939124,0.5913048629634308
-0.7142179595934813,-1.717771574577616,-1.166776850290649
1.6774832394883321,0.5944025864324851,1.2268482457657257
0.501679033609515,0.8360106038375082,-1.4473737144121803
-1.0450568965462486,-0.8191292280975584,0.7769344790734718
0.68437390262262,1.0375063306858514,0.14162499499037906
-0.44799892327770785,-1.3813637759551802,-1.7714694278730974
1.6644772208301684,2.047056880110775,3.0356145448463616
0.6302475790978802,-0.24150844085664558,-0.3009435201731251
-1.4447981615522005,0.7373064808430713,0.4700727813343206
-0.7017698575296358,-1.7925897044216021,-1.6329810675931689
-0.5191856338069044,-0.5568223696659054,0.2649070084337127
1.4355807639815608,0.5747905746511189,0.7183568726147124
-0.5985346664987219,-0.4266859457388289,-0.2639252073194243
1.278385597000482,-0.996040680504482,0.7126282238044093
-0.5831445737363533,-1.3944544001393295,-1.0637860881107768
1.9180643087893694,1.0748332773740028,3.060207808160079
0.4282668641188218,1.1752481772224892,0.7065766392426341
-2.387721918062697,-1.8228053301000426,-0.8828385274496179
-1.4694697250559512,0.052406192935176676,0.4684198384816528
-1.5620217699706893,-0.44379101902865664,-1.9008920280008381
1.1371420479183079,1.1602937183323259,-0.3705913532355808
0.8680426780841186,0.16251992125227954,-0.23006229174049353
-0.8177304412610502,-0.47322974397304,-1.6030726761746323
0.34765155209323556,-0.7968328497337227,-0.4287688266802072
-0.648414294592424,1.4020666261459513,0.20527187844694864
0.2516923575957671,0.4035416327906134,-0.6660700972819729
-0.6032398899250859,-0.3877492787170102,1.3126366633751358
-1.934504691049839,-1.454994909656588,-0.7506579228326902
1.8427074083805912,0.9951998151930836,0.403639605170128
0.3425405902606286,0.646095836866891,2.1087929115050184
2.9648811907181933,1.7419500080263977,1.9110009436752662
0.9605113891150938,0.26338497104627556,-0.41753820698711175
-0.8060172795775151,0.2742336287741183,-1.2857503379960433
-0.26797092792722776,-0.5173221015189421,0.5386632575984394
0.4194802921534735,0.3129169599129391,-0.04661125840036173
-0.6821255383277927,-2.3955401437238266,-2.497330634378487
0.39095177973820866,0.6289923302354931,-0.12895434718263477
-2.4228985578206848,-1.9325633404057416,-0.45030312549118534
0.27968027890483094,0.11477042285139646,-1.1280103620884403
-0.5859973032470744,0.7856033376864031,0.3813837602227828
0.5424217445075453,-1.0144905148817578,0.4732402955892931
-1.666922631730823,-0.07304036634587574,-1.570034506222135
1.4081524374330436,-0.20952745419675556,1.83716610523329
0.4926301063966342,0.14258567053136706,0.5853379376306751
0.3447357521403752,1.0034336558574815,-0.2782185982878695
0.6000401030378467,0.641633412817306,0.7214007810182346
0.17973232284772706,0.07222444806896583,-1.8267784879497426
-0.2510645509851549,-0.7546747314830591,0.5114025457515949
0.2735516062367752,-0.47185948648718046,-1.0307403660234624
-0.14534060585541075,-0.46543498601700495,-0.15680780997331492
-0.2076259295045931,0.1313447324252081,0.4886708227906002
-0.49832317864084397,-0.05956907753184881,-0.5215412567045492
-0.33502719527068825,-0.3429501367120137,-0.2650688407309204
1.5164456997269882,1.064578102647127,0.34086672200994556
-0.09462875716668954,-0.03816423383998857,0.44044792258057186
0.9609947603237154,-0.45582412034577646,-0.05976532641034782
0.16505164059550947,-0.6043613675673101,0.0778553566995962
-0.28203104852883737,0.5219608536773042,1.276266883350271
-0.5976832519566726,-0.7533011956836553,-2.1942089013434494
1.6336053126588723,1.947309000850335,0.17958917031031518
0.9760557331901982,0.6943244592413162,1.2470295385930328
0.6655441746473693,-0.05541905760276744,0.2855306880228604
0.7830921229845497,-0.4869084362016773,-1.7952680078455496
-0.2464024950346974,-0.5578420176261487,-0.10770614753865926
-0.09165186617146086,1.2860981889913208,-0.3798868815169688
-0.48954889680211694,-1.306358733180658,-2.0522789451728576
0.2055393275156246,-0.7271640814071307,-1.0184184978557183
0.5798800763366613,0.5935681478137511,1.3460670666024281
1.950756348901718,1.0677998145019754,2.5661408553503406
2.4283153049416786,1.3734504993830796,1.5055292143161134
0.43369728705044464,1.2590479528534557,-0.8392333348428103
-1.4672932981057718,-1.5851423650704004,0.2832567721696604
-1.4602162208467961,-2.241959048245534,-1.2508864522899352
0.9404436597462943,0.8866711602386339,0.6038072880135912
0.46451675281250077,-0.15608603031557877,-0.1051564885033035
-1.7198944117041055,-0.5591280340658669,0.12385925269394682
-0.6179905052431631,0.6157511949050063,0.7600455383934154
0.7864927942142615,0.7883665660538713,0.5585954126768802
-0.09319806129526895,0.3802873113603937,-0.25562497631054304
0.0532457870107673,-0.4672360454650472,-0.6118663870579673
0.6415582983540086,-0.42631122117483045,-0.3260112760360526
-0.2457914398595165,-0.6186700985535991,-0.6999739358971935
-0.4815369514577892,0.8182497232528174,-0.0323121997205484
-0.6500006257285427,-1.6539378114431735,-1.436029254693028
-0.7747196073516864,-0.5491217031321607,-1.5223303864168913
-0.03619269108488787,0.22917016027403642,-0.1391940637551922
-0.17764366306089283,-1.097186930483315,0.02128251873600867
1.0950390694882277,-0.25646152825321233,-0.21182195109881108
1.7098479270243536,0.15089329844220767,1.0949676980272836
-0.7254209429253504,-1.058630879042676,-0.840054662317552
0.26248428566187126,1.1465865330428828,1.15439356202842
0.5967391722631135,-0.6926965250035408,0.46935217348365027
2.0670204416827165,1.971459650586885,1.4581535196756512
-1.3830491714337156,-0.6851999876075574,0.12408848612807288
1.081998041415659,-0.14235091708118464,-1.0020620123416175
0.9964902384554841,0.22793057716691034,0.48296138072031
-0.004687530219636788,-0.9810210600366542,-0.46656972156304616
-1.1321758390217709,0.9375866515438488,-0.6689592969320297
-0.5200163093252598,0.7055128693458694,1.0844400279288235
0.1331781149267622,0.14326721594992273,0.03517939392923878
0.1436118382303545,-0.09879108167437836,-0.06592702564223721
0.40417319129298673,2.8726536160986478,0.39685904889292317
-0.7380563735050987,-1.011825336446734,-1.4837011596505443
0.640709479670878,1.421593037908526,1.6851581651398622
-0.2974603625332702,0.80801633659812,0.8218150275504951
-0.6204484403481044,-1.1315649412034827,-0.19341579528300812
0.8782101193417624,1.810690195695829,0.4479855375908606
1.0248484754517337,-0.2971498390261187,-0.05999331533502167
1.0657049499636155,-1.341558224039189,-1.254840654482797
0.17401437412679743,1.1014852019317674,-0.8658210303854719
0.36822199177661014,0.7687420501639557,1.495308619165229
-1.011172047254765,0.7269918663129218,-0.8719444506408949
0.23468517781904333,0.4554537056142513,0.35621554795934196
-0.6418869329141963,1.065433030740611,-0.578303896056684
0.5183571504594597,-0.589107959951455,0.038563212665453525
0.7950810595721174,-0.0311167257174772,0.10090554874667995
-0.823834146761642,-0.036243793440421335,-1.1879378222884494
1.194758562461581,0.7350182936761915,-0.018818678457851568
1.0369227808945993,0.5224284322661589,0.29167269397645296
-1.1815346782170717,0.5554824808311021,-1.0899707020184202
-2.1351814533811564,-1.5077468916568748,-1.427490730582972
1.6891855631172017,2.9749817423430116,1.013155723098707
1.0588222875095779,0.40437052707680043,1.0806273616204436
-0.03551031901714575,0.036909733009185194,-0.5176775127950077
-0.14345264920844641,-0.565233616941428,0.27520275973899094
-0.06197466712823904,-1.3525025572397718,-0.1995506294627216
-0.4071200958285388,0.1773261596107656,1.7598434978477158
-1.284093659529377,0.25725305718906744,-1.624101048640661
-0.5381853372738497,-1.28426733247999,-1.1315293110597047
1.0747531861319166,2.848217262518164,1.6329819673632162
-1.2076451448797085,-0.7340976045589772,0.3692593455387383
0.28356052690511285,2.4307452890319015,-0.15105296825964099
0.3794671672898761,-1.0672059375285028,-1.0645100723639178
0.016585519604222058,-1.2027286631410952,-0.2832027115771061
1.1528183510818761,0.2557103177015603,-0.07629376000667132
0.820802955990427,1.7584137060325769,-0.10741543521437114
0.5367989731587635,0.38240932064687383,-1.8927684169211263
-0.31420379740833626,0.9438905184974644,0.3856381323050568
-1.2344932009254714,-0.7403845002214147,0.1360080196881267
-0.556845134846934,-1.036838861611321,-1.3299988110714114
0.16587371584805138,1.1098205493492759,0.962194617264997
0.5741462642782037,0.5222232894556578,1.055768613313919
-0.7185927825018134,-0.15229729173342565,0.886390802772032
-0.1750335110748765,-0.30812229967587024,-0.9054627419354109
0.7363957490759301,-0.7318088724330869,0.3428880244359628
-0.26138377947318747,-0.4352245932082211,0.13413183546612406
0.11028581855010028,0.6564665660104958,0.364386295581329
-0.136790482759891,0.06256034588621237,0.7939601617883182
0.959286362021425,-0.13540971933449697,1.6266412452616594
0.2659996519413762,-0.5433986937626354,0.7068238638063283
0.20913954230969736,-0.18568504524119922,1.2873039064139344
-0.19868219936922296,-0.7668037938567345,-0.055873319467882404
-1.9582822204585661,-1.4679653916003814,-0.6813018766291068
-0.5281097623208861,0.1113151612292686,-0.734430788199786
-0.46934256662245255,-0.21171471091332283,-0.2742665909817355
1.0579499322429344,1.2326087216354875,2.3369724484297967
0.558521272924114,1.10521901816296,1.72006719801501
-0.23877310536579094,0.7630308323241111,-0.24068439093741187
1.1683198129849042,0.7099052967565846,-0.10319931684476591
-0.7983343312934873,-0.9379879421884605,-0.21996179817863676
1.1256685666431876,0.15574499369247413,0.7202692577818182
-0.6503853189637999,0.025824592363444587,-1.0215200706506125
1.7010714681403658,2.1770944875855074,2.956627132858415
0.8205841254037334,1.1927986188927167,-0.1897291127054993
0.45796153945464724,0.2303331351928498,-0.5565084904770086
-0.37037924258612814,-0.41213481867695145,-0.3140235800666359
-1.8609171234863529,-1.2799677619943701,-1.9430368319978832
-0.1107473153582261,-0.8961943656865569,-1.4130711516056669
-0.230394707442161,0.04639848489878992,0.791198923602335
0.5014477913341272,-0.6824212341051087,-1.3897996994149755
-0.022884106322180263,-1.0163763179849223,-0.5096070971723374
-0.5125704639375082,-1.4299876631073514,-1.178755157542684
0.5804307983539162,0.07433919659788957,-0.24484216050392582
0.35542686325865486,-1.8138212752173226,0.23278583746791925
0.7060180448477807,0.642366582472158,-0.051569547806799454
1.0984244408936863,0.40989532508866655,-0.9317226259877562
1.9105743592392082,2.648692232490709,0.47463046323240055
-0.055879447460879125,0.23781451443677531,-0.1283048515938446
-0.524567953278644,0.7730022618346077,0.25349275937409105
0.20256047559263637,0.13761016901871945,0.10006110485873165
-0.4215948738838441,0.3540048847335827,0.25985746221574446
1.5058386564452402,0.6457945983112188,0.22340452091284907
-0.4464356183620079,0.1010720239620102,-0.11155719058417653
0.4363809810937655,-2.0694717900747435,-1.393263094357979
0.41719246203713567,0.23573344689182577,-0.29397741270915956
-0.19017494064588208,-0.7137291000969047,-0.7157085142289481
-0.9184286350709292,0.36172582734864056,0.7463719596601637
0.828167411618519,0.9136965760756545,1.5522382530405412
-0.7821007148976622,-0.8605696029325196,-1.290442202243078
0.3089776113732292,-1.8309072775739703,0.07023381462917161
-0.13075263697774248,0.4408662698429229,0.1422201165844364
-1.8091936324681557,-0.348831030030223,-0.46753992597447364
0.5628504245394631,-0.7115528428069174,0.3279622405756809
0.9581538235324235,0.016967680399473273,0.4008262556095584
-2.9376790112429814,-3.1676711185881006,-2.0391545920211716
0.26612610245488677,-0.08464827791708662,0.8293045794278905
-0.6920160982606218,-1.6974899844971205,0.769067210304008
-0.10954761169676014,-0.6594276950275619,0.9130050759000184
1.1450959983787397,2.1874639980726744,1.9336007803705213
0.12270687145887345,0.11251508542719837,0.15355121011160372
-1.3030503749158475,0.7081862306952083,0.8990669766805888
1.238726475074782,0.2244598097007222,-0.3289928836392513
0.13805980536456058,-0.07494409148353952,-0.11907241807253938
0.6207323629766458,0.8610920160281905,0.9380452081889674
0.14093378132712886,-0.7204250360659149,0.3045880811272733
1.6857380820614534,1.327589961534751,0.7133914889200234
-0.12790650752870228,0.24460879317723114,-0.15805786960280427
0.06098537688658251,-0.5465671079642094,0.2145809285056732
0.6264041203874433,-0.12283331385697493,-0.9279357555514296
-1.5288023185670587,-1.472951537276272,-1.5064452058799889
-0.9031920892123063,0.37277867383580265,0.9036326365030901
1.4477141709727346,2.8040326256440817,0.6619766032036499
0.11895316300763713,0.6397155223129383,1.1480973092913747
-0.2890817144747255,-0.8881015219863755,0.16876409208354998
0.764680816048964,1.4035404832141118,0.3431367648045531
0.09905554023086612,0.5108538641901084,-1.4764739290268138
2.24809695523659,0.7519359924817186,0.7447621457690041
-0.9201156029012051,-0.13659256225565114,-0.888751257544757
0.6870686203708324,-0.2685843160181218,-0.38530456761297627
0.16000370019784096,0.24160685293577128,1.1484766818957723
0.10024583192128235,-1.099038691601836,0.06929790288862298
0.22320299520595144,-0.9465973661989797,-0.7913911205104969
0.3732536572101581,-0.6020641745997656,-1.061814716891396
0.4627382158952513,1.574599438224761,-0.6061280804183597
0.8638282687530967,0.7037638544572478,-0.30935293692397187
0.5836166285095531,0.8663497398981899,-0.32454420258175765
-1.0003004090529792,-0.5000997674771421,0.11291840925232094
0.5449831105533176,0.8377462123359238,1.1743028204948223
1.5629371761386113,0.4096342919285022,-0.6944070783187968
1.185605583066054,1.2253485867084666,0.5868887090001326
1.7782597413678811,1.4826382493721078,1.868932116178795
-1.0999111017424406,-0.8645607624558592,-1.2897808686798657
0.7085909662256127,-0.7248800801568731,-1.2032138173038
1.1433995446659415,0.3390685640574972,1.4817906498274738
1.4282514033246234,0.8339715922183579,-1.1914417992571331
-0.7321008920216898,-0.6345077837369546,0.7050913753723402
-0.7021769716556644,-0.773396199111238,-0.0046221121454176894
1.0485109403929778,0.6670305481279597,1.0111094430328138
0.1388146667416022,-0.8865689158724043,-0.3224521718463851
-0.373009084471548,-1.2971836620624106,-1.686360493977924
0.703604498034791,-0.6691312568995955,0.6341117842347249
-0.17101481995520243,0.13642535974638464,0.21872113269471838
1.1498491209893995,2.1582047503568917,1.0802859018592386
-0.2688892401014216,0.013118133699235063,0.02231258815060984
-0.833326335818993,0.345743064513141,0.47300809245697994
-0.9471549663626542,1.2115518039403925,-0.6692034906049766
1.623348969720506,-0.6873798762083106,0.6573610505765408
0.7031956561867381,0.9632637857373074,0.2301894614700289
0.7647832703737029,1.5084478621326969,0.24187719499707422
0.37970989749270645,0.839287379168844,0.13631860554710187
-2.199756222444959,-1.6964371556744342,-1.5460518740278781
0.007792739105329041,0.879854397092496,0.8150367679765235
-0.07351017093053175,1.3392467535019756,-0.5624089422693463
0.18018767431620553,0.4748928993367677,1.2377148033025918
-0.7450050510745727,-0.3209030855703257,-1.5179706978030196
-0.3053657406144709,0.3376699854928989,0.08789218075798445
0.15128895042655904,-0.6750103018253703,-0.02243219577595608
1.0840932947373658,-0.01998474310373799,0.7012296289509852
0.3898613223603043,-0.8544413132321144,-2.0621078808834863
0.13262208537787046,-1.0907163437775997,0.9805570237733772
-0.8122588465619894,0.6116047515546041,1.5204942145958786
-1.92942711326276,-1.1770018884246685,-1.0961540690818303
1.0166358107900806,0.6624233307022791,1.7242536640986337
1.4654949808553444,1.8302501155676545,-0.11364164079397132
0.8553960709906097,0.24764595113113952,-0.09958085061027633
1.4181104328324738,0.3557408514942334,0.2089543244270326
2.4762616940285116,1.3224132279436822,2.025999259075479
0.675697414258963,0.8080824033279135,0.41269459535572
-1.6969190300509653,0.2843579529297734,-1.1536745099022863
0.9836105018378485,0.8067469195208921,-0.08863361446011431
0.4761346070675126,-0.2933387774621704,-1.001634764088704
0.07519932614644506,1.1384163423809346,0.334373559772834
1.153885161021373,1.035434358208454,-0.19991332884948398
-1.0655214869527805,-1.870913654147139,-1.11670320672338
0.8649158671056727,2.6748620287205505,1.6485344308262513
-1.5775551947991349,-1.0072713860754525,-1.735765711286032
1.403177027896384,0.23647081527538993,0.7880297748445901
-0.032123661807546375,0.0842592853067608,1.897349283722208
0.008808969415143735,-0.6018730955152942,0.83959246399099
-0.4193272348811136,-0.9813476963102875,-1.5443685709549946
-0.5869407898993309,0.698469639593799,-1.1156821824732188
-1.0511034266055812,0.4527688793992335,-1.0522377410429875
-1.9417273350958493,0.33368826151653375,-1.5415157651126552
0.13567609699910368,0.1922812404874611,2.14789587351207
-0.18628662094450954,0.12027216789096384,1.0153164452491152
-2.453864230862633,-1.8995313988761913,-2.1184110245093253
-0.19381409911926809,0.37162793697145907,0.8034759210663329
-0.016306254750635914,0.26166444955901685,-0.4035852496244377
0.0671322609172827,0.6343613515999924,1.3233294365139847
1.1512626316451955,0.17193533706251163,1.5151303189338392
0.6083093104818468,1.5861318815190313,-0.16167074627592615
0.5854721863239495,0.6100059622494691,1.1428375720449284
-1.9397236214649662,-0.8168028526050447,-1.1531372614033586
1.4942129572442722,0.8385070102402515,3.0041202670047182
-1.4695337904324517,-0.6669739031112157,-2.092079875752924
0.528485939309752,-0.4451148661453573,0.1929711708162125
-0.8409663137608804,0.17477219440773384,-0.5265660415964835
-0.1348747113533345,0.09716915625286011,-0.17560509011903877
2.1158466891289747,0.02214561974409346,1.613483528550701
2.223330523011868,-0.00539139330548033,0.8614582472613279
-0.10994310686959693,0.2890969800793768,-0.24361933028222366
-0.013284566179590568,0.8198545041934306,2.143714135934019
0.8825928509800851,-0.2949434226500942,-0.3639452402006121
0.07601825745035204,1.9285844416029032,-0.836937759260782
0.6944848037586885,-0.03683053169233652,0.9247017782309265
-0.10284849457659324,-1.227778117492068,-1.1020160287610234
1.6698285870101817,0.8657818564454297,0.8071140149449837
-0.2640267253036322,-0.627609769183685,-0.9005618587208384
-0.6701436357855924,0.19070119559417276,-0.46464341406833176
-0.5756560824337438,-1.1970262925161403,-0.376247192647882
-0.9761788833124053,-1.0096015189982115,-0.9528029431635717
-0.7829674459177446,-0.8560547550762354,-0.9868361582176914
-0.5149438564451357,0.13165708123315972,1.0427751918794617
-1.9249295307016419,-0.866523118629579,-0.891113006248299
-0.907711492139303,-1.198609324382167,-0.3807611491348467
-0.223812746098922,-0.19314695199992682,-0.710974755670704
0.5175410377449261,0.33214913768823945,0.8466353175945063
-0.28932003599625594,-0.7844272424121748,-0.8055672612486808
-0.15749163475644226,-0.6678300276227299,-0.669776816652184
-1.4434103050884453,0.83210227399771,-0.3047427598854204
1.0228222770933104,0.8253275863105418,1.2135352015351306
-0.7950328129387393,0.1362203300064806,-0.5230861692698359
0.4297452222069493,-0.003035154896347425,-0.9378837925896273
0.955525714945733,0.06134226107473967,1.2232353604998207
0.2831226769475081,0.49337748305207707,-0.11677482485672913
-0.5235550805119902,0.008356402104439442,-0.19382781057606016
-0.6260364727137061,-0.8350097423635697,-1.6256951888620523
1.3719703452181247,-0.27330321558192183,-0.9431031028839671
0.7221216140422465,1.0753966446640306,0.6385696759739654
-0.7642834472809847,-0.344547984834238,0.2582532626160823
-0.06721122363510114,0.019645473107846673,-1.335139000093211
1.2563401507182124,0.41363376220455683,1.6906954011782662
-1.0299013806144826,-0.7248185477599162,0.4597462726789564
0.9865609282187362,1.430201574087898,0.5897231223775876
-1.7103683600138915,-1.0258460325531324,1.2121444201188483
0.7182355600155835,1.5602337068823242,0.8105836436521853
-0.34592429600953517,0.3702001036783764,-2.2891894818676013
0.5206736325277411,-0.2441995143200048,-2.2015968651441122
1.4229032455679254,-0.8853879471489194,-1.5665747526698661
-0.291519141076339,-1.3202115116999105,-0.9323983464178891
2.334895071462851,1.9056446585758051,3.6968510419245817
-0.032909342681781105,-0.3972132105224846,0.2392143811844108
-0.6176674248492919,-0.7880980358922202,-1.2658957713465164
1.5759465338916476,1.8161967659586127,1.2139403339050736
0.3930207663913775,1.1994634271528375,-0.4140632825423477
-0.022564271504878518,-0.4276653150885782,-0.6146254518526539
-1.1995737287385093,-0.08191556640305586,-0.19848961390648495
0.05329344202174208,-0.33104950488254303,-0.6183827885618101
-1.0563925736947284,-1.114374295700988,-2.050542509918912
0.6683508280848224,0.10457948100493414,-0.2856436471514524
-0.879653230828688,-0.12561386923487255,1.0866442714231805
0.13759062539733333,0.6860028673998811,1.3652879795494786
-0.6622896368821439,-0.23593759342643283,-1.3226334308425063
0.011556074669978059,-1.2014962300715122,-0.21530114189659222
-0.7662114549178995,0.7716810928197346,-0.20095701737000432
1.223400564889187,0.11494584935466146,1.867241477798478
-0.3246438353351015,0.4711269013407826,1.42066643857942
0.7614106605422131,0.7837138447561216,0.8315883993889817
-0.5635424941311458,-0.8285117459665668,-1.9480227285523743
0.11876227191798212,0.4361778671018552,-0.8326250766491241
0.007852784888005258,0.09461565855685315,1.151732685688895
0.04476497989533988,1.0289455822366576,-0.5660089953725497
1.1585615186085196,1.2302355249477235,0.5746797927491715
-0.040161973451219676,1.2542616865709497,-0.7652338327267646
0.14304381589601273,-0.41432877200619533,-1.097435238432713
-3.245606876774654,-1.7925259722641314,-1.4088988011857448
0.167942380802885,1.2615056693608355,-0.8103812290972234
-0.5439483273739273,0.04375344634268624,-1.0280749037030077
0.40558165305688704,-0.8560336456457333,-0.017022052531173858
0.027177385843224537,-0.06699867489271646,0.9962646636369957
1.816549430043889,0.8245464717651254,1.7397981818298647
1.050556765848628,0.3498263506038509,1.0785741171433856
0.05579022580283465,-0.5995541157316937,0.47336455479206685
2.215997063893141,2.0148347545458853,2.622045554928028
-0.18757535830889896,-0.07217778077349948,0.006302410697534594
-0.38935574545644847,0.3202661200485822,1.1970208762825494
0.7862664363765896,0.0607384558347675,-0.14557472987359504
-0.27558340936939646,-0.5066958024917503,-1.4536538373371197
-0.37481945196545957,-0.15540779848915204,0.3393477549614108
-1.3903514600484685,-0.46915896633638593,-1.0818954421070845
-0.8980261355973362,0.6842799030306634,1.2232088121131848
-0.9230715583428963,-1.4010067861729314,-2.261592775169653
-0.14058122899883999,-0.07858309816824335,1.0581050602186624
1.2878063156550017,1.0845329926605418,0.7083477522990135
-0.10183883530596055,0.3182331164579135,0.013345925641574444
0.18442718817629994,0.47592364235208356,-1.4027601422509122
-0.8963324259519789,0.2413324846461573,1.3081904844885925
-0.25879814702707526,-0.0005645978849745936,-0.3642984927640547
2.666968385985522,1.107297617706411,0.1748366185470951
1.7215967610133087,1.3234998326235752,2.3925052215329323
-2.7012302080878374,-1.4410173186321225,-0.6970563981611468
0.8353688146153734,-0.1436845028519252,0.0706175401559258
-1.0748121465998197,-1.4874286209958953,-1.62954298016757
0.9758165857997435,1.1416135365493962,1.2437935357947068
-0.013055185839683429,-0.5231987929541023,-0.4074884566468271
1.1610762794479232,0.7583706725736262,-1.4514301762022948
-1.2535552126120506,-0.8733793242843411,-1.663397049809956
0.1816531154046843,-1.6747598746157348,-0.9765800792877875
-0.06097009480505483,0.520900640916258,0.31863484041045215
-0.6016661041048325,0.16890329302106727,-2.783622514483898
-1.0448513076927595,-0.6217314089829613,-2.148830961570801
0.2089195445457267,2.113504848349484,0.1418441896348659
0.8549545906959077,0.7409707050702762,0.16673860810263447
0.6379032309813608,-0.19397222753552962,0.5223938023402812
-1.6769390606484749,-1.5774325394252386,-1.0095229349845736
0.20659895373463388,-0.35398293263349045,-0.47260841704340034
-0.9124928465111779,1.1062560617862331,0.1068241326720244
-0.36496583066329114,-1.0798579837836566,-1.8545178327885596
-0.7175747397508792,-1.3295731537367772,-0.4246189430775184
-0.993570422305537,-0.7577071032506537,-2.1586514423549046
-6.87357342150945e-05,0.5629101638909387,0.513186819606888
-1.1878995073444656,-1.0387674987608633,0.1565676008004534
0.17372197370873607,-0.40080027947574504,-0.1582254430537613
-1.4608138866856557,-0.16718326997155242,-1.349388526705055
-0.5808652810095828,0.13634286037640653,-1.834566378472401
1.6886358927488623,1.045595517182412,0.8535776406993615
-2.3608421575838356,0.90150374429644,0.38058094820673205
-0.7291545791573096,-1.1705124415806663,-0.6972057884002084
-0.5282870659223127,0.26816045768392816,-0.00623282043793634
0.09256166724800205,-2.145301935794033,-0.020073221505701677
-0.6035296347946006,-0.8977328887494065,-0.874390910304693
0.25667133587705043,0.3778209949116966,0.12995270722297347
-0.31999591083159523,-0.861017633509885,0.7673247100683147
-0.6034121960353181,0.33673203936749485,-0.0901884655010914
0.693515746026729,-0.19792503688483193,0.15960364013591288
1.9294163599915701,2.1107177172801292,2.3988738869460775
-1.2834097782488534,0.030736445736580964,-0.024364704164134166
-0.22871496726115229,0.3709633083571523,-0.023922405292981258
-0.6326220637750295,-0.5638854368473963,-0.5011251286232696
1.2277080179944355,1.0862354116306285,1.2764295273532609
0.8827001388320127,0.8385749077444467,1.9773662317776695
-0.894431261561324,-1.0729262625583047,0.1780197495588357
0.9819363336872448,0.48726392089152654,0.4984994745736872
0.43911119616091315,-1.0809398710217188,-0.6584318938519631
0.9381288670933846,-0.6433533926949051,-0.9112684083343128
-0.3731477518391581,-0.5198261089263212,-0.2592450845318531
0.30119209956571746,0.5563571018476727,1.3039298964281194
-0.18415936377145778,-0.3656313584290012,-0.29686118268185735
-2.0199013558399983,-2.7205936218353157,-1.2835087399056826
1.3234148749340158,2.6883033242906844,0.802065804557019
-0.754974412549057,-0.5037663100422992,0.7848914462514682
1.7960976666174393,1.419226620537471,0.6794840404274385
-0.030690006694302885,0.19645508326511835,-0.8622667504483597
0.8820944972786288,1.048885929788037,0.9737195014377266
-1.1177240326983922,-1.0824684537690006,-0.08664835752216715
-1.0367827195386063,-1.5018554052478974,-0.45216032559453123
-0.14217095304963714,0.05938046681608149,0.3720504715019341
3.0744878616024764,0.8799995362655193,1.949155035312115
-1.9192571529576303,-0.827729727202815,-1.1673016497923305
-0.05551624387017026,-0.7810187810427552,0.3208889396338105
-1.6181784806447996,-1.1060279644385622,-0.9688643858839869
0.3675619438590181,-1.728613414572026,-1.0097866555178232
0.02064195397684305,0.3343014304192793,0.2830526002910517
-0.3556904034017553,0.35868718877594363,0.1647276736916919
0.2181763024610942,0.1869681308179731,0.19442000197371834
-0.0952509634941514,-2.525078432087202,-1.6965120637538302
1.3512256579960715,-0.016128618590688926,0.03778756793151167
-0.17672123784253285,0.03263775528550322,-1.4977024926862503
0.709994324916154,-0.3117708905404467,-0.5202163119021203
-1.077484801151304,-0.26877636344602146,1.1077678528850383
0.355743428540015,-0.18072013742015045,-0.10915696885430762
0.7774641316687427,0.8012999654679926,0.2627126763467723
-0.6774419729269897,-0.9198672265559507,-0.08989363958990326
-2.723886568545138,-1.152561850188455,-1.1818731117860963
-1.8319324999369875,-1.0411884122538428,-1.1729420717772923
-0.43842868641885213,-0.9892073209518641,-1.952811376457704
0.6528703069408197,1.1825589545016715,1.2446708557628536
0.159379325735346,-0.41632535252636615,-0.37491032657489143
0.6648283963830488,-0.08878003680415852,0.9829572153333654
-2.344363164787173,-2.2831815702830607,-1.1183626101675535
0.851099811941775,1.1066200354715112,0.7889854421849869
0.12838891105468114,-0.47919409325687085,0.13081190283028424
-0.6177446201244464,0.951864652043467,0.6886327141041473
0.39453754986468015,-0.7313242279590736,-0.3547473443474043
0.34784924845331433,-1.0412805060261197,0.08285394539373853
0.8145912696420525,0.769626923357527,-1.4717233212631706
-0.4572281643626521,-1.7235914273436848,-0.7226151601311261
-0.3561537626124324,0.5165013644714719,-0.46380709155305666
-0.2546166210224775,0.4095689922296165,-0.6195130087076327
-0.5103053667870342,-0.7498017469490981,-0.11065265780610406
0.44600907413299085,-0.054549474324827985,-1.1051473271056471
0.6935512880986107,-0.874257742478062,-0.7732177270338623
-0.428426534094806,0.25340985601726673,0.796322097104205
-0.8936927969685682,0.18971275674009752,-0.2914163351001307
-0.13460038672105212,-0.8100112341586041,-0.46948873055244456
-0.8023774799830934,-0.3089544509759563,1.4542490276605482
-1.0718692592001022,0.6905982554983844,-0.4823702633609381
-0.8613788561240208,0.20190207985551006,0.8433816972044782
1.6649980691212956,1.740007897424436,0.6674261683461995
0.533160220289203,0.23494554432320425,0.7178955754749278
-1.8707901744962048,-0.5167483911335302,-0.6239410531443724
0.9285358903739037,-0.5178102675450974,0.5083229866928484
-0.07075547947417589,0.17664714589021469,-1.0978698710775707
2.0023218165892858,2.3959330636547813,1.5736382446470425
-0.2760066296937747,-1.069551115820442,-0.707013086534618
-0.6745543321919426,-0.5543953867463385,-0.7515080514491281
-2.0521097707066245,-1.287964261413832,-1.4169719026004706
1.427569425732433,0.18296765770382928,0.640121225199695
-0.026100661319798105,-0.13982268861200367,-1.825261117782846
0.2870068956452672,0.13632614041651345,0.49698176220758167
-0.8097057879049092,-0.6886878499571331,-1.6215404310756119
0.9531996027177454,0.9075451711963571,-0.2260677672466037
1.4136946043064855,-0.18318230405546054,1.5956161736303949
-0.5059573487461099,-0.6014314080780592,-0.3468711043875015
-1.6165841774400331,-2.2451402999953767,-0.8076271292760937
-1.319794219512557,1.5431672432045822,-1.0647566276802443
-0.46294461151589095,-1.5820244686763874,-0.7474404116344446
-0.9246467713363945,-0.3380282920716059,-1.1296814025984334
-0.8663822692159587,-0.8274315060331368,-0.6253016643038585
-0.38959037260318746,0.6065045174997368,0.38266771827098534
1.1548742046538425,0.45090977167435253,0.5990719405895383
2.04554711591663,0.5439314071403877,1.026298274120746
1.5195125820496453,2.7164153776982927,2.0395026988299723
0.20061280939635803,3.065847881794739,-0.49188157824101064
0.058779597202007546,-0.5802815583554214,0.7377816115612883
-0.8958906809343512,-1.7192536766015518,-0.9275945330194433
2.657974522147838,2.0462469396042477,0.4290115985207459
-0.23177071348902265,-0.9446974357808028,-0.13605249744697834
-2.0548030081338644,-0.8140354828447831,-0.8203218328174232
0.6016070334686318,0.5952352646384982,0.8327905588393756
0.3527514711250461,-0.40415889224401913,-1.1907307414746977
1.4479482367416256,0.00033695298072045077,0.23968949547373986
-3.0766588031731925,-0.2969707474368868,-0.2629783471279121
-1.2272306989904103,-0.38449179956489987,-0.9175533608937807
-1.2961471516078131,-0.553450620088893,-0.26614271943208356
0.7362842693227791,0.4957156970174011,0.2746474286769064
-1.317330625983306,0.3476586424341671,-0.1653473917064947
-0.41642745238621015,0.48167221483308154,-0.38065418943915846
-1.5738054936432917,-0.4612036886351473,-0.20640957231318707
0.2430505089554983,0.9964912728283228,-0.08913399090776492
-0.4318880252701346,0.24839486629523666,-0.46576049857239343
-0.5371388664970503,-0.6606795645558525,-0.7185176096060846
-1.058682691244172,-0.2740590136281998,0.30343942634934173
1.3495875607192132,1.222178350017627,-0.3717985031071852
0.6130303366940959,0.6200022300484884,0.488312915366066
-1.3766411826283016,-1.6520600432472154,0.8864235931951228
-2.492012253192068,0.03868727382261006,-1.2566690440490362
-0.43822042621062735,-1.119035225593007,-0.9499985811028395
0.25960186860033524,-1.2716180778686657,-1.0806244189863872
-0.35300393909137084,-1.1712562374172324,-1.5097706364762677
-1.7899948442155023,-2.259198052379352,-0.2403015610800472
-1.0106554924202924,-1.3778924227336495,-1.242084083157396
-0.6488056541638781,-2.1357749376058033,0.3256734347549798
0.2018451928358872,-0.36268629246324724,-1.0450003209236531
0.9512948082472461,0.6755388344462703,0.3679886025720582
1.8114873820867272,0.8234255863656703,1.5174750337224938
0.4443149457730172,-0.5784617889792939,-0.17407527994033276
1.007042671968842,-0.18547519408242163,0.7204976088148733
0.42184995560710625,0.10968321274163699,-0.6715523194059251
0.07351142773339135,-0.7691394209197213,0.6353387190108166
0.10371241818319488,-0.20255510003315486,0.040377245550372885
-0.893246652299676,0.15463735076817642,-0.4424067146233105
1.0575152655510178,1.7577859260678346,2.099052983138903
2.804341374262542,2.264312658233081,2.1632163530363866
-0.5872371228210995,-1.5632997101949884,-0.062224349529076184
0.8585644897821835,0.3473725157040129,-0.1771343248528371
-0.44584200936317864,-1.1937589493811385,-0.11067338249244418
-0.6610101728013728,-1.3975984102341332,-0.3709234115639816
-1.385046411258017,-1.095037566630784,0.13390635429895004
-0.6304962078205145,-0.5718894400515551,-0.10743726119905439
-0.3861685366500756,-0.7585645746652327,0.6800912729633861
0.0418224616851214,0.7742662724397702,0.024068393928194154
1.5241238727810924,0.8356982825455004,1.506530112267829
1.662705612873658,0.5810003791270995,1.0725974581661066
1.101718907700422,0.9685597280283798,-1.2380051509269818
0.6352243212544084,0.071552238077637,0.5517667813808615
0.0824348380878127,0.14595197975471527,0.30404100833412945
-0.7260212735693433,-0.3287147518330935,-1.4867938163354886
-1.8191729724103323,-0.7876078605740404,-0.8470070755436977
-1.3849283788678937,-0.7893559846295453,-1.8206482474914552
-0.7042252436630918,-0.24857486435829973,-0.5184229294075341
0.9038060778098622,-0.4603579394421645,-0.7916616350646049
0.48165430050851893,0.19117576597621327,0.8356217345839343
1.0926364095377976,1.0236817762756154,-0.07111951742229661
-1.2388793882891187,0.6136203937307962,-0.22051816735552932
0.5738107561376546,-0.42189654566431506,-0.10974273694691114
1.7355909271520125,-1.0747688348952966,1.542307313049749
0.6917866776224214,-0.33708051630015845,1.1014082987003901
0.9995147225470864,0.36065725634170004,-0.048677432057584236
-1.0545299947664433,-0.2081470253394785,-0.5507227079690556
1.218534669307423,0.7113858842555586,2.0081133407798992
1.4620470479905372,0.5622762171761979,0.19263487546416552
-0.3446856458473046,-1.3074293422943692,0.3004937592455329
-1.3007276334336737,-1.2450627960390896,-1.3742851903894928
0.6503306286559876,-0.25111043574916836,0.2746301506501735
-0.41651769397152694,0.7161794518369612,-1.5114930948828063
2.0274217662917877,2.0428635063802383,1.2829197505224592
1.219551198666714,1.1369036441867568,1.5869252184785263
-1.2070863165072236,0.2780290344784355,-0.09253667536652
0.9628619507071432,-0.14428456530725542,0.54634861369763
2.4309022516520313,0.3051549261362383,0.8840591368742974
-0.8110986840578156,-0.9670281729260242,0.05062091636734445
0.5516473511538127,-0.14853490940515435,0.0015126394612471061
0.8665494089179022,0.8735850224231305,-0.1635931337956208
0.9770606858701156,0.2929014971196402,0.8003964118308549
-0.4626941667370356,1.5148765243957523,-0.36228440483990765
2.268178706635702,1.7595536275069747,2.4911019799808733
-0.624524679911126,-0.7688620954472969,-0.1092593352306917
-0.8087097706642159,-0.27332939456463673,0.5349208453279748
0.6380007391183633,-0.31056142803451775,-0.6745352570648679
0.23556910872139913,-0.4680409787012057,-0.35791436418877504
1.498541288199075,0.03135862546740731,-1.0911902640926705
-0.4867104881004314,-1.6003201966303824,-0.07624755358453694
-0.37874810852936547,-0.8885297074624183,1.049055989179534
0.37871563257640994,0.1700589805193045,0.8713855171239806
0.7213839133924309,1.3488059515382573,-0.3790216664288055
-0.46918189211582545,-0.30156403770473494,0.1629795964397817
-0.13299778478328564,-0.033000936877879514,-0.8775867683126954
0.0837731216270683,0.8643965674517885,-1.0559380803189775
-0.10738381775774895,-0.32905395269812054,-0.7821310175992191
1.5111018417415527,1.4362823786112,1.5086954522608962
-0.4366929789590297,-0.021789539132665126,0.49114653405915887
-2.1187470030660376,-1.2531139408460108,-1.5203377408635028
0.5504313197907482,0.22092860766258576,-0.036596545512974754
-0.5468295743013251,0.43360251962712937,0.1600006505998304
-0.5774918917026468,0.37436440993025205,-1.071256764608426
-0.587812185851215,0.4342728880301146,0.18665630889683038
0.9976623575214567,1.352191591975548,-0.26341610780007374
-0.9465569639635081,-0.19174362837625902,-1.6242604795513012
0.3514318286621223,-0.19724337626148877,-0.23080474358147007
-0.056460593646995266,0.592611280234434,0.15356728384623425
-1.0256784570136803,-0.7792216633881809,0.21805458004467115
-0.5630590299894521,0.1389065211286341,-2.1785066205353583
-0.5595484817968503,-1.7677677615322451,0.3399570687608163
-0.5937277674663851,-0.10969509816700093,-0.41699589209800025
-2.260446026117566,-3.308595248046743,-2.0545446012048236
1.9041800722342161,0.8289009988395716,0.685492338684462
-1.2640791951195853,-1.3989237830262056,-1.2465220441749099
-0.4198250037489485,-0.9175064438838908,-1.5742248387706195
-0.251629677829406,0.9307515336931103,1.0131087908862397
0.8403699577237079,-1.5702768472833917,-1.5423757055664324
-0.23810270213345525,-1.384752207857297,-0.46550764646597076
0.9285725693454339,0.8528302251042416,0.7987803970640188
0.2354553454714203,-0.5208400082753376,0.1431853856166957
1.357027273224538,1.039137515923758,1.0475048167803451
-2.1367730492338906,-0.22028945420278057,-1.5132188203764327
0.5403815321209815,-0.07746892022487517,0.5402601409623347
-0.5782112662154282,-0.2537861231487704,-0.03521291042109809
-0.1585122743479454,-0.9415871047040101,-0.10804045784847408
1.6192158977592943,0.48636733572850954,0.8446479101621144
2.093532492311688,0.3052384849486891,0.4666792954948885
0.07151204158732698,0.24488416377711741,-0.9331387825705745
-1.101898856297502,-0.05507988229315641,0.002806913350587026
0.6166352349708042,-0.6054068192209774,0.18482687993236918
0.39430922859149814,0.23167350181214103,0.5808114048691054
0.45274874069577536,1.2418453684566466,0.5583387321424813
-0.38169540638524246,-1.4612843690573478,0.34554294515692874
0.2606923943531641,-0.0904026216886683,-0.12282424294286462
0.1483765610026147,1.8487621044711857,-1.8708641122497907
1.155505756260152,1.5694769383755707,2.0748593601696275
-2.607777493304957,-1.788944996966765,-1.0975883096856163
1.9014792810641403,0.5561598154955696,1.318172573902759
2.590664768150233,1.0223377884898435,0.8568392296788768
-0.7030746727710102,0.5992212854016854,-0.1017594969220637
0.5582765679571466,0.1457689288408463,-0.4606956080427328
-0.7783094755368813,0.2940987370691731,-1.6784550267200304
0.27654925254323454,-0.08285317128387676,0.25791349089984394
0.2187165238509827,0.9752572834864459,0.9408367717677661
0.9705944361117105,1.4115670901293451,0.9410235359903396
-0.008373340098238263,0.006734172311087301,-0.57790283958547
-0.06374593564381939,1.317326487563181,0.9967480627330045
-0.3568764968609099,-1.537551497169121,-1.2117302986242813
-0.9260044798648863,-0.3389867500055673,-0.7924120600886457
-0.07287592501801299,-0.7939957512716194,0.1926159755104976
0.047042534868100346,-1.0312418666994656,-0.674447382672283
-0.015660344969051217,0.7370192729187622,0.6439378644948646
1.4144215680607592,2.145877021991694,1.376870257041643
0.19036991404212333,0.25412650631054035,-0.8578083641064816
0.5690802535619158,-0.9901979867350544,-0.3381964266763609
0.1970937333076414,-0.018864576860732007,0.8464274905809344
0.4965964116081106,0.3786121552484829,0.46954195848313784
-0.1735069384190044,-0.6318381567251384,-2.282933760378136
-0.391839576305508,-0.7575076190314265,0.18446984923189963
-1.7554029571580418,-1.4952311102977167,0.4594446137271717
0.4198660849940508,-0.8640864053658621,1.2167278315920091
2.265505437728405,2.133619961227478,0.8910320462386578
0.583005645786693,0.33224530315222944,0.29788757850899755
-0.7359414425946055,0.8287590980778421,1.0861670080019123
-1.7389793943111052,-0.22931788200185477,-0.6088619631401385
-0.6447922335406125,0.039212396280947415,-0.3674613198950427
1.1752684645633913,0.0030918681363951706,0.9931620810306234
1.1135737453890464,1.2298461543787333,2.6449165145126328
-0.2228333299596893,-0.32816988543293046,-0.620147496630431
0.10860606660456186,-0.4087215262045135,-0.09250013233751775
-0.018275901613570872,-1.3863653198000878,-1.9690774703789349
-0.5022815241629689,-1.0671178131065804,0.14010261720099826
-0.11021529162520781,-0.17956910995348746,-0.489404957747638
-1.4755718919687626,-0.050490510881847306,-1.3131036251756358
0.8928682810413371,-0.7428255566441171,0.9925022389826297
-0.5802591973930331,-0.456216836792276,0.9329614451797494
-0.16697905449210296,1.2777992089601355,-0.2233629799293858
1.6473316178732704,1.1581023553255083,0.9485370170656
0.7007801824591184,-0.4870929010625222,0.5868087459098641
-1.5753096838613483,-1.3717617002363827,-0.800766141813749
-0.5298713265840781,-1.2437607332567158,0.14816035394964244
0.6128118660717984,1.1090278430030942,0.663242926839633
2.1033107645828486,1.3564469728951378,2.4289103634709948
-2.2610789168019876,-0.7134776968647,0.326754100900404
0.736351584601525,0.27204642391165157,0.46116843867928736
0.5834377473988686,-0.0562854196302231,-2.503083905621924
1.7184149752488571,1.4807851445018256,1.568830881175989
-0.20419994949394046,-0.8159762319316849,0.2879366673477417
-0.02201274481217482,0.9368364213711377,-0.9349932124337921
0.14630134247679807,0.04146519445803556,-2.0466805428038954
1.0640204117568282,1.017971601881406,0.39754154449670487
0.6000599522176892,0.2746940455232593,0.8321859532903184
-0.8185521296997692,-2.685090256072197,-0.7781123565708037
-0.029721687071399126,0.26502400209765564,0.1374825503805806
1.4834530468248244,2.3518311313776064,1.0369375926772681
-1.8071102820312488,-1.1285996341713052,0.2678148550811944
0.6274984772101538,0.07116612736081829,-0.14560792316238008
-0.11757835567408577,-0.20893869907549703,-2.437253561659556
-0.002484833309101201,-1.3825019151858773,-2.526385006909635
0.5969732979724847,0.6024561093052166,1.814150355671766
0.5114356261923299,-0.8610827830783081,0.2478493829508766
0.12567253013329996,0.7286813143839957,-0.3932946686337869
0.7187955040625883,0.08408414972483069,0.44536167862344544
0.690180594956946,-0.8569572215289987,0.24985438329120604
-1.204055476071698,0.12159239645926245,1.3259887043641914
1.0037362309893192,-1.4321138812764653,-0.3032107995035345
0.15738256756814037,-0.6669853336882682,0.2975265283547645
-0.5111509554792969,-0.34572075482448444,-0.7147499509480393
-0.31505484455914057,0.05856582379018807,0.4896362259106628
-0.142591716628525,-0.14534014054672006,0.7401820317957482
0.07697408883115578,0.5889900717945107,0.18588896836658902
1.4907185461372363,1.027827744681252,1.4307122820010858
0.0562656229632064,-1.572031547106096,-1.0800428449441688
-0.1327594108469534,0.26671620536518137,-0.5407042491478503
0.18141162335165284,0.45783374459786824,-0.3139922184524011
1.178824532331881,0.6508593146706932,1.2624447989288576
-0.8097345754115521,0.38251063212797537,-0.32313764665593026
-0.2706258593654153,0.04271647462049305,-1.6873918211740269
-1.6437006349330097,-1.5864246731021812,-0.4000961180600364
2.373944533844435,2.3141603166132834,2.304161571808989
0.5300472911950657,-0.389548815445462,-0.1162545555383861
-0.09737289721047657,0.4842605783622244,0.13168424141870028
-0.6680361253571866,-0.5891858327205233,0.6655080883684164
0.496396713072507,-1.107722500729485,-2.235528558977282
-0.42305325240272157,0.8366107568160771,1.1229745198943415
-0.11986754370126362,-0.46750912326634353,-1.2459622826756431
2.033066569770622,1.923244628206557,0.864833939874299
1.2075682801258478,1.205382028315145,1.6839318578762976
0.6303603581978657,-0.7568079001302789,0.05132422997259352
1.3819307472859377,1.355240920578403,-0.4505274175277013
-0.7294227081332211,0.1971538739758789,-0.09057021225053835
1.1537614485209913,0.43791895128631725,0.09439438977456127
-0.07642534685069924,-1.0652869411308008,-0.5167679869212689
-1.3217992474522433,-0.9112455004997388,-0.007228807488832478
-0.32510797959954435,-0.2042093879815026,-0.20409392857891254
0.7691869571587858,1.2879298188880972,0.2004334852015373
-0.5495003042464535,-0.3109912311528401,-0.5259285538496647
0.07154968535186539,0.2424525195793284,0.1817983462562977
-0.2159095383439138,-0.9517142692868868,-0.5672303416589233
0.13232069297148194,1.2480274086061711,0.5432737070547746
-1.6724179084111277,-1.095223326660975,-1.1797400824077795
0.2952568285414,1.7555031419659055,0.6664324577222063
-0.4724893713386096,-0.6234691181149395,-0.8074185793324916
-0.8384091857479073,-1.0090911117394465,-0.8665916676786212
-1.2674128948530823,-1.105139113805988,-2.2103701489168435
0.9539074276997082,-0.4616787562899881,-0.25734605003170874
0.938897783414724,0.8424336082952876,0.6739168699775655
-0.4658295255797751,-0.42145387818437335,-0.3457386795505515
0.16547083285583147,-0.7084062932781786,-0.9582942301774459
0.3292752995223255,1.306081083696701,1.52551805198512
0.7631371003245836,0.27057457151774766,-0.3474506269212566
-1.31541058423566,0.18672925995420475,-1.3224101000135229
0.46155513406060616,1.72523088101784,0.9545350886606716
0.5749689613377225,-0.20324748721451724,-0.35253919353254326
0.40952440039518445,-0.9090591416594576,1.0264024104936647
0.2453006546158153,0.32833262851991163,-0.8246403039232632
0.9149074693182144,0.1554432465774404,0.00021940346806093025
0.5101136324741099,-0.7965168536172561,-0.6659318246171035
1.759015522320757,1.0210940145179876,0.7434659516966322
0.27218004593017137,0.9707217030108958,-0.06059861320662829
0.6371395596751044,-0.9206658443359219,-0.23515959790895957
1.4170359631424723,0.5697384383912414,-0.3987881935703812
-0.7935249834677386,-0.38946785324804956,0.16082131603607575
0.3295709919025875,0.00034088326701114946,0.07452231267555695
-1.9945244451501267,-0.22775330318123777,-0.708653344292618
0.2108217815054257,0.28650804832585086,-0.28793376428947354
-0.477318101638471,0.662389567988461,-1.4459942814594873
0.2117287580733359,-0.003089242478431828,1.5788037928129781
0.8382710153800127,1.1001040673510711,0.9342445385857383
-0.2537252272565666,-0.2667259783035203,0.998167400914047
-0.9299765084737337,-1.4563186907555057,-1.831765755962334
-0.47689441598879145,-1.0734973210530625,-0.5166509763369485
0.12748517332899645,-1.7254297459799999,0.09146701839607552
0.1569384693324332,-0.07306329419659509,-0.21417165860804976
-0.2029084338711321,1.6404143521347316,-0.12464680968985553
-0.8782261236304434,-1.1771165787656874,-0.037751217018480276
-0.23802409553767584,0.4992023891658015,-0.8321152639981253
0.36084722469268754,0.7148071116818856,0.7782141380259185
0.2306543862110645,0.0181592456095373,0.6500793264102956
-0.7553964826393934,0.16712409101256626,-0.5699391854791914
1.9231037070250312,1.8745766350843027,1.3735874018380727
-0.7054908772511652,-1.647385276952919,1.1240162225805455
-0.27334349437446054,-2.117070322042253,-1.3412088742560972
1.0921771428188476,0.7483747661333755,1.130023740433413
-0.15846908109776686,-0.6318315800360975,-0.48269774448379704
0.31554723837740056,0.8005440433786699,0.002432197110925849
-1.6070598800095994,-1.958409474233632,-0.39951716606115584
0.3705040471951634,0.5044827876855287,-0.44931491172115523
-0.12057771628561237,0.2391716952345648,0.85373497713402
-1.556188795393156,-0.8062968552522061,-1.0280332739989686
-1.437463922781816,-2.385559388117597,-1.40587039579586
0.5643051501966996,-0.506515993881179,0.38143255388336794
-0.28907261612070173,-0.2652628785352379,-0.570717047719034
1.1033204612313854,-0.9184869923759359,1.3908628897223063
-2.595305264908402,0.26001059469522003,0.6584520669742301
-1.7414568043291474,-0.5094014018790489,-0.8729537069746137
0.01598635115707975,-0.577794160948154,0.48598022941493946
0.7626531172398342,0.060373913476712504,0.05847807845155287
0.5830981294071007,0.7852408757708622,0.04356263530755472
-0.08067138573146941,-0.9704243900325772,-0.931172645687369
0.34617744942635426,1.7912281371967005,0.041654558861082935
0.37089299761697014,0.5942312986588194,0.6125122951485878
0.3392832419731522,0.7209407503740826,1.4913844395218017
-1.1834461642760412,-0.33956622105006673,0.06267915116798173
0.8719151466105087,0.36573051333290746,0.02973461136672395
0.6744825180286176,1.9076499718519313,-0.9895090087977787
-0.2074875765206485,-0.4660982704820431,1.023715607742612
-0.2134178997886612,-0.6676912328301765,0.9868650237261414
-1.445481916164334,-0.4529763139881989,-0.9505729229370641
-0.6305120047965888,-0.7294018772106678,-2.049804822769464
-0.06777197687184196,0.16813282712273936,0.41511394266520657
0.7396315185451771,-0.7902168882734123,-0.8687788935679112
0.5191247164367327,-1.3195774037529888,-0.25853926402332195
1.371887801922536,0.7769533773448559,-0.3464765992780273
0.8941375581846701,1.5299661308700019,-0.07477994728622328
-0.18391208992695615,0.6482847860326874,1.707400112316707
0.1257095514603855,-0.8548696257488717,0.16208036664636544
0.8897638388765371,1.6083340600267155,-0.7362407082798026
-1.0499843469938916,0.6372334800888687,-2.3512900420974647
-0.7862714871021327,0.7612340671052482,-0.07729964136212066
1.04037023505872,1.5724694755529718,1.3935193411223277
-0.42646908371336995,-0.41492886986724326,0.7918601614125566
-0.783097083453958,-1.735422816232491,0.21913442832997565
0.07552914546669681,-1.1044877225494665,0.0419559699945978
1.0185598374803404,1.5265668732473112,-0.3732310866034574
1.187660164211411,1.6449183710446507,0.9435027538025421
1.312417961906669,0.6502702463787046,0.08587681492702448
0.7267408001472804,-1.4575889335549053,-0.007050980975934443
-0.015594010815448138,-0.2801841613114155,-0.9096840862798765
0.17466006051647906,0.7211560829898007,-0.014370198020809355
0.8447755362482532,0.6432569479078027,1.468526532116472
0.6921266999270153,-0.011983433231284424,0.46542054139687905
-1.442636038790894,-0.7711064409474019,-1.480446705556107
-1.6252588726542194,-1.4750095256059006,-1.6737319923500662
-1.251859732382935,-0.3048445619244434,-1.0732648410726844
-0.3159257760383546,-1.1255170950706552,0.61132653796577
0.7558319880573635,0.6532910812982983,-0.40528436335084245
0.5041723129428493,2.3338628836035875,1.665930976708374
0.7272590955140139,0.9060044581010858,0.7662906345209539
-0.6520408225885174,0.3837073972738981,-0.7844818715403552
1.0345364019199703,2.0892508939134853,0.6019957243663874
0.9649090564554895,1.0735563054068,0.5497795653129791
-0.01055650816793587,0.6142471440162967,1.2237078534305807
0.80194961633858,-0.8282691248375571,0.452165649544442
-1.406760691329704,-0.8305482723435251,-1.0340918066741884
-0.5105236209775604,-0.17068958012325736,-1.1338486369605663
1.1702244901224785,2.258153630411046,2.2417576274220083
0.8449703592594234,1.2787946235573195,0.20564338636268392
-0.10585801918258415,0.05219512801406886,0.527179719723459
0.6947216352701904,0.4708146250890999,1.1056203253585084
-0.5474087722314009,-1.30622813780097,-0.3910312227586162
-0.39869308341885906,0.8069649740561659,-0.27586260741616797
0.053747933155296405,-1.0702539868522543,-0.4822204460265446
0.11878251176451463,0.3498715277320116,-2.2604979448498352
0.04876967426879611,0.0782818589381783,1.1352392669585987
0.38061546180531836,-0.7052692943687313,0.254047120197483
-1.043555491662821,-0.21713315018719115,-2.7020774509890955
-0.93764755708776,0.18116082867608008,0.40986447604327025
0.5591253055622915,0.6432659548651052,0.4441390580331168
-0.45391805292920806,0.5010816141956542,0.10119909636428667
-0.3704117271595679,-0.4392096507212457,-1.1542812646329
-1.5849134561112694,-1.8388516177658127,-1.1389098618131075
0.8011224412192683,0.4423351705640086,-0.3570969781122087
0.0006831214423086787,0.14481866420226353,0.49558337359165017
0.6945920984578091,0.8930930107926336,2.651017754634187
0.3138716693241258,0.4114174961326136,-0.536218309621541
1.1117861807912357,0.1451887058750263,0.4722227479229187
-0.9358777194210935,-0.5251658665026504,-0.6109268610054353
1.6923380440071567,1.7970791103863668,2.195629213685227
1.5552234470114126,0.3480326032714366,1.2683375734596842
-0.03143659048580013,0.7055862505524778,0.7701179181004227
-0.31212683984719514,0.16402619199461144,-0.5765977636459985
0.06848373704716769,0.7751651270327127,-0.6450575812243944
-0.43643919615763727,-1.0317106572929584,-1.809840120128202
1.3197989475438692,1.1335616964765591,0.11137408037052399
-1.7474790261172184,-0.7750781931861465,-2.110897611737549
0.6095993684613324,1.22094043169252,1.548945929809335
2.195799919163104,1.2482541293475642,1.4645188995635396
1.0896358939508322,0.7222939769063462,-1.162511120827542
-0.22560749952879477,-0.33446300705159754,-1.0967436773766637
0.8453119656687095,0.5806033648063051,-0.42604081819283707
-0.15446557480397727,0.4226899771119863,1.6115933030608287
-1.275248316188666,-0.39205241783212824,-1.8270392850923378
0.4534355912761683,0.8980034723073873,-0.05256709679142196
0.8410361780666836,-0.39515799755608694,2.176516749577612
0.143906015878821,0.2011949751666643,-1.672964938160594
-0.16972139213322282,-0.8083606415709492,-1.3249695931807255
-0.1902964349514034,-0.32180322762595576,0.8445458345412582
-0.21571486800281695,0.04589235938714405,0.17735752736358715
1.2430468190708368,0.16146520004719012,2.0904109898574297
-1.849501652126693,-1.360545792120478,-0.3269417578860567
-0.5271074105055412,-1.2246594555710786,-1.498576924446416
-0.35015909492511815,0.2914572757399767,-0.2436291148850815
-1.6789540496530522,0.36542549220284315,-1.5609950295140362
-1.3524860909817,-0.819403187983005,-0.05293436520557904
-0.8922250877535083,0.188749384059137,0.7589383843054676
-0.768077999039158,-0.7615059985597677,-0.7403067572345643
0.5984551996216287,-1.0914351426972415,0.4288607409515747
0.2683778206286769,-0.8127653073549119,-0.4193954536558572
0.7439270304377599,-0.3965009173929688,0.28967784596941104
-0.6646730416187241,-0.5187311120792585,-0.5303179083522929
2.048885187115362,2.820272273231831,0.28060797101873747
-1.2238510361493549,-0.6498795434355964,-1.0124228057262368
-0.3958267811840112,-1.2751690676931366,-1.4310774872822318
-0.13075079296610137,0.10684447570939602,0.2658757870306887
1.726308026150146,2.346897668950387,1.0745078255482872
1.1033050354252103,1.8743002802299835,1.119440981323484
0.7309801036772029,-0.05584616374618484,-0.8178839452154725
0.019122526322920663,0.015797791236876628,1.1308354636377407
-0.34051422208018556,-0.13950493272078995,-0.48252597895325394
0.6129392413296006,-0.8672720419709068,-0.24763028276685423
-1.3640353986761438,-0.8375242857831137,-2.242330269134963
-1.7688232853718007,-0.17791037809629373,0.5465894853976931
-0.35940308424879064,-1.8299125559026044,0.5002054411185428
1.9641388976870542,1.705321461905947,1.3746373720617844
-0.02918657114486385,0.014146788485235429,-2.059905081814635
0.47376453714731276,-0.7641239233785192,-0.3417416262266316
-0.10568258930746026,-0.48658515951728537,-1.1548106949580144
1.49565413642136,-0.5518327785999804,1.3746083906558586
0.09515819646511903,0.34743147674795255,0.6201210736101843
-0.9586423327165693,0.15364132602049196,0.3247093968272229
1.4063876203596228,1.4131831826007195,1.5350016491885272
0.437992948020019,1.0195469736002076,0.08843720385406406
-1.4285545951619338,-0.022697257417514716,-0.32461183648827985
0.36243596583258664,1.6589695563169164,0.9627900537503299
1.4667960546157168,-0.14264075834671097,1.9499130116864887
-0.1345249432420056,-0.6233668452795305,0.1389294365508105
0.009935842925623665,-0.6789949292340367,0.21324758374100491
-0.42527916123370324,1.0844005670855927,-1.2864967127510847
-0.2820390974973785,-0.31065923534682727,-0.8045379279331624
0.9429649457811466,0.9240117954917191,2.0794691282045266
-1.0902618162723055,-0.9978148651655298,0.346944477782161
-0.942844211796524,-1.9460072126515404,-0.6312213386065377
0.21500802152693319,-1.4866249119581978,-0.5960071466761931
-0.6111877159493293,0.31598587931177663,-0.6914314079736074
0.332764425631138,1.2708492086374883,1.8591366364111308
1.6512004384380776,1.8853774988460628,1.604901268317768
0.3971279249228818,1.2677207694746482,1.6978131189215195
-0.3117461293338728,0.25792120482423775,-0.0570501561777082
-0.48098518736802354,0.3189591044846277,0.261244820895268
0.12699232770641566,0.49325001755117376,-0.34745507877595044
1.0506058391918596,0.747901936376651,1.3459076470677784
0.4179187036863838,-0.661707610323669,0.4869153476539969
-1.0773167181911265,0.6980631094204033,-0.7723971204777063
0.8890763452424579,1.2500921676518884,1.1723510900659797
-0.03176390714687696,-0.04046690391714246,0.49892357236367924
-0.5497569005895695,-0.02091708946255383,-0.045981425574536994
2.240355693302034,0.019508827083307256,-0.08328947602731684
1.490639068782299,-0.4399291901179687,0.6666940695850018
-0.36326903279549094,0.7968078649826225,-2.1592945752661943
1.2980786279945462,1.0223668218469433,1.5847675314642902
0.7940523395954809,0.2638317918893845,0.6536948974159438
-0.5926971751064104,0.36524492508902145,-0.8094102687144594
0.7964520373563538,-0.35231624993492566,-0.10795125050780124
0.3724431155207265,0.5371990469374861,-1.1370034207692217
-1.1873716005514587,-0.14018674086395433,0.10966955774984588
0.3943126042612769,0.6675512192026924,0.7575002818278338
-0.4529261333944036,-0.5832444694199613,-0.43539069126616325
0.6020237327648279,-0.1680434246517047,0.2785550858943481
3.3079266802415916,1.885985838651562,1.2683244271138614
-0.6992126082098855,-0.8826468465767707,-1.2108586535004602
0.049790442206463024,-0.5602902853990583,-0.10149967708658932
-1.5578028210361845,0.6903013224617501,-1.3665017816088114
2.6438917658454484,1.40014716651522,-0.028226121232929113
0.08342242972726688,-1.4401079864046613,-0.7947379134765622
0.3068265280877109,-2.029810344674382,-0.3318339375518797
0.5288404140529752,-0.5287669787296309,0.5050656387723674
1.6975466878668726,1.1949950444686326,2.037551597916583
1.818416868786637,0.41836115060491996,1.5023839669912573
-0.6476905224160286,-0.2669332559991301,-1.8773893277757419
-1.8164313135328374,0.38522516475598234,-0.8230877888703849
-0.5498354768476369,-0.36776101831592084,-0.010470645648310462
0.046377817164199024,0.31353074462326974,-1.5048824929008986
-0.9347561769563888,-1.515396457072005,-0.8309102422801928
-0.15915888897998753,-0.8965324136092403,0.7508622147889223
0.715514728691885,0.9560022398679573,0.32849151659659237
0.79018726817159,-0.5098574097221487,-1.023261409457538
1.3854718100322614,1.879944267764273,1.088763621061265
1.3747418471188324,0.5943162270830968,1.9435861262935652
0.13396351013133467,-0.20876014395676254,0.6817156680200678
0.2524231534400213,0.5955227460986692,1.6455324028115688
-0.2451511382376744,1.671370324305072,0.6934002979959164
-0.34771250495649025,-0.17450489359290106,0.7461727552942213
1.2810455165538475,-0.10423952834529959,-0.13475039931691635
-0.9222777538013602,-0.2401084497257981,-1.1074753243550852
0.30564030801711867,-0.041464669675157495,-0.1741810907250107
-0.8366354040985035,-0.8425014741446191,-0.0073039872748059675
-1.9646891962477149,-1.8577426290441776,-1.0802728872476837
-0.42656899724442077,-1.2631138846879897,-1.062980352834219
1.3296260727785376,0.7237323929329155,0.7447797039076922
0.44762070850753555,-0.7593337459611171,0.8871903440005595
-0.03519969789085901,-0.9717795520533371,-0.03402299278502624
0.23412026395257457,-0.6971238505628576,1.4126202341731058
-0.9853018057146299,-1.057620333408416,-2.1737091007199836
0.5355544561400003,1.086505751386263,-1.4106012013212554
1.762131054040475,-0.03360904891667471,0.809706488467084
1.620337392149759,2.096780514638624,-0.472884572830059
1.7917936632172444,-0.6979213378951871,0.9417398816720378
-0.8484202091102555,-0.7095229911869831,-1.5576252948262201
-1.0337729281821462,0.36669630404360787,-0.1688031322550941
0.22089399960357206,-0.10071676024543458,-1.875412644148019
0.792526966469803,-1.784336832636454,-0.8044160997887817
0.780614932800064,0.04673021777520703,0.16127139587130246
0.09946168707692256,1.0524657615990816,0.14452198431152585
1.3257999231692041,1.5172370771899026,1.3834094423867587
0.4349779840035053,1.5850904148977605,1.681211229208986
-0.5449024768399464,0.48431516704963623,0.9014401290917313
-0.3154061770913317,0.1226409043159577,0.5097977227736792
-2.0619702377980342,0.004725380937320889,0.45917922142673717
0.4908950574650557,1.7849753378955378,-0.41647441267934193
-1.9540859664320385,-0.5974549944538083,-1.3986604368273556
-0.7381308182021404,0.2208291822072852,-0.42000665760873024
0.7052056516209639,0.5658363374413257,-0.8622956744787571
-0.5559054371411419,-0.751988283873918,-0.17210496945155773
-0.15623611254553832,-0.15692732735508183,-0.3916595225555102
-1.3432522116439016,-1.3127328132042961,-1.867455284117285
-0.19975832737749324,-0.7476059185481497,-0.8092683556314464
-0.8658158522090282,-0.21440475068488818,-0.532963470221364
0.5182359774539035,0.6390126645092418,0.48222127339149357
-1.0058883202213007,-0.821138319187957,0.8278650129037717
-0.5642375006797175,0.7805705947834134,0.20313435850877898
-1.0078003697216884,-0.8003128009594739,-1.1153133959947557
-0.4948946862066626,-0.1927633513023015,-0.731618896771605
-2.137089757085347,0.17856630184315048,-0.9711110448331446
0.49288738822916073,0.45780609767140346,-0.524767341734024
1.4396972226143132,0.8057249886493967,0.9208561540132294
-1.5474069177427794,-1.4308350938534349,-1.4562871710536858
0.48372909976431316,1.1867902865641065,1.7804508367502792
1.3838126090561513,0.4246743637721548,1.5487663939165666
-0.018388674453348613,1.4681129279742295,1.3131774096399513
-0.027674505333731225,0.9759090500306519,-1.392513086264354
0.3756703854949389,0.30509768842652973,-0.5963478640826523
-0.7107729736584152,1.3186103472599513,0.35753594793907334
0.508176626593215,0.761323244061259,1.1602854624015873
2.1017287497986636,1.5287784388371022,2.4720251413913865
0.9699782300410977,-0.1447795938069375,0.8137890577887226
0.5940517589043173,-0.4233831157983164,1.2293460187784317
-0.7930784413323974,-1.932921614805998,-0.9257302956583795
1.8007568519718509,0.39812502524641036,-1.148582818538133
0.8115690074033508,-0.2209353175346052,1.3722293022150631
-0.3637319977113812,0.26581312083660924,0.6142862600754351
-2.609053216170098,-1.8376255856335209,-2.5451038643189223
-0.36397260128970427,1.3548618001735127,-0.017063531735245135
1.1323785789067564,1.3544628179668623,2.9099695356488398
0.7623122247501627,-0.6404090474134527,-0.6979317336504821
-1.2458644432216142,1.0415628768438394,-1.3729352745609442
0.5498596836697711,0.2707712443624519,0.5841688456055978
-0.6618034817779677,-0.5271000840683655,0.4703231640761107
-1.3407681650126664,-2.322097213783514,-1.522114001988778
1.7912415541600146,1.4415010598525262,0.466185157350435
-1.8300937276653348,-1.8236267215152182,-1.7843037172270808
0.8917474525378624,1.7945260271402708,0.9327628402994264
0.22032277575770676,-0.6064156176988394,-1.441632169322907
0.18323575279239857,-0.9632843511714833,-0.2885673141945578
-0.8234928707018276,-0.08155840246792073,-0.9151741054345973
0.5045524474842022,0.9755881209150639,0.5022988346599598
-0.10754552176327821,-0.5229667664650633,-0.10972126672026931
-0.33380838458617174,-0.8747115578989553,-0.7999274195132127
1.5850945172002224,0.5694779887728542,-0.8674012415568573
1.198840190125194,1.6193437522389709,-1.0745167680654446
0.9263415882432597,1.7740766421931966,0.7838479917769878
-0.2385094301001106,1.2703418376664366,0.27336555797198914
-0.3461780003039533,1.8065825753321374,-0.5411341336035271
-0.8803872285330326,-0.8412218888027873,-1.622682296145841
-1.9858601944527077,-1.481906577345969,-1.701545741259885
-1.4070743749127266,-2.3023073059198307,-2.0562174891196734
-0.1759862669003363,-0.26124924203553834,-0.5038281699245628
1.3341538253405345,0.8255607397091022,0.5948354015799583
1.7192890315872562,-0.06788893860595724,-0.40172931369307385
-0.8310229152487931,0.9958368132567562,0.9470112767691985
0.559448544635941,0.6938011349905954,0.5773362822616313
0.35367544534944956,-1.7547742254750296,-0.2516563368961308
-0.7275777928670782,-0.6474546963510529,-0.6473383184008135
0.009457578629770907,-0.36120521519944093,0.33647335746944507
0.30395024979612334,-0.14472806347537892,1.2355417462609046
-0.1313765380276175,-0.200594411922082,-0.3940755545408281
1.4127854753373914,0.9357598376204475,0.2223711471359302
-0.6760843698293766,0.8188461529229175,0.03951932883372278
0.6867755035731662,-0.3169499777630046,1.604460966126677
-0.8508882465091673,-0.7715698118108248,-0.5683020570999472
0.8194753189824371,1.5807998343280565,2.642116174374119
-1.0256132137121452,1.6129353023819066,-0.3170338672928098
-0.8280297527267456,0.5533132590778613,-0.592154522149494
0.9959806131489486,0.703946363611887,0.29902843045719407
-0.12687289766938664,0.5717352409350255,-2.302927088925056
0.234340351010835,-0.7460929650317454,0.23957330036131552
-1.3298952594735414,-2.4817733018231634,-1.9332140723249478
0.45455597316940366,0.9703827522002739,-0.10554270213194972
-0.7284606958977552,0.1482203177592013,-0.9572406352563355
-0.4663351710038786,-0.8642330703300498,-0.04403162563059376
0.9738502108953555,-0.9584771337676626,1.2652086618238023
1.3856925134086986,0.5770065962752802,2.0438656524334706
1.296789975420297,1.2044955312261623,3.4019533888196927
-0.24111706043753448,0.5413791179771719,-0.2602042840574183
-0.03672175079057854,-0.5033149264979419,-1.2790345379289285
-0.32689816223712276,-0.024707123917966867,0.7615358008851086
-0.018607947342488655,-0.2007568079346992,-1.3307886256900043
0.15740007007819742,-0.3867628499638464,-1.170173667416318
-0.3994615659922397,0.8849404291829688,-0.24736997179277237
0.5409068985961364,0.4781770684358734,0.07373659129232302
0.87474280757197,0.961059754051836,-0.38150494846812866
-2.171765554684189,-1.0680232037669661,-0.48520184666686894
-1.542135588626389,-0.21192754643814504,-0.8842588408653235
0.20037749394209606,0.7312337628839227,0.26857572202217006
-0.6625401696114527,-0.6284904574303624,-0.24649115178908196
-0.9517467556995682,-1.314822344911946,-0.2828489535703046
-1.132770024834703,-0.7595597249862774,-0.9411220977074087
0.5560601878272478,-0.5123400283100543,-0.05181298878627978
-0.41035954145525755,1.1976737245420153,-1.0693739208167412
-1.3162988696844282,-0.35419501373415746,-0.012851109301674768
-0.8921927737504418,-0.8432889350382241,-0.43351911728259346
0.023999569031833794,0.45610365597093516,0.4869680330531269
0.013314639553958252,-0.4111002526906743,-0.06521356458271577
0.1642788697424188,0.7341831257478663,0.23783872134516368
-0.03845856005415207,-0.19189754529229197,0.3301709429559688
-0.4458907444179285,-0.4555247645649825,-0.06511971728324625
-1.473461344825255,-2.147890426941614,-2.199763635195203
-0.3049833741377907,-0.1658801059770523,-0.839643307512283
-0.22114774135555682,0.07220631572760232,0.8550886175329169
0.09907031841117131,1.1787846440555076,-0.6422506748497523
0.10758102081996887,0.4214237117681465,1.0558424096764787
-1.4331360815388674,-0.7988778010596919,0.08952185717409444
-1.3327539651448947,-0.6072020423518314,-0.5198464755153478
1.232042554338004,1.7429332009361118,1.7091207717872612
0.7887670959741462,0.6942633214605503,2.378591595808653
0.7862928511350933,0.7625193576197429,0.20973602179281248
0.6161924706061684,0.4770194997423529,0.22793471640172844
1.1056668012748192,-0.003989224671442804,-0.1317846407008293
-0.060801719654016886,1.2731516075075027,0.27142666357924666
1.0924104057803512,0.4754803490679731,1.0274938623550465
0.05114941228048256,-1.4765615315334972,-1.6823239287726972
-1.3838454642479328,-1.5537847181777014,-1.2980508599936784
-1.2172810724964067,-1.7046542907889015,-0.7656801327655324
0.4344090993669402,-0.45763723688172336,-1.3703507141701565
-0.44301763956472245,-1.0813692264531616,-0.6305755438602857
-0.6039229914901533,-0.4113007557998926,-1.4091546292196613
-0.20559984041947263,0.37721659885080877,-1.1493019442567964
0.6621623145793462,-1.2896395632887614,0.7327013112852592
-1.8337961682590083,-0.2554430378014523,-1.384059214798808
-1.381316617754883,-1.200649612853718,-0.478305320471913
0.9043634347132186,0.7577571735727323,-0.33763025572650207
0.3772596199085063,-0.323637277015056,-0.7738654047137713
-0.3496492463962035,0.4568587707779557,-0.023355366788906214
-0.9689124841351988,-1.40938184146431,-1.5313318138052887
-0.7937908442923286,1.0018256835368122,0.6497772281695691
-0.8735961461026432,0.0748988434306232,-0.03686294772280346
0.06028902640521437,-0.4958848802274962,-1.2886093476501392
-0.8790058415979537,-0.752725995057794,-0.6119698664818796
0.39760036168527385,0.5219077704482329,-1.5161913555600535
-0.37155207666219553,-0.8040608264188934,0.346117733696926
0.673467220828809,1.4590856408077646,-0.6795039717902676
2.170130023243562,1.568010542100276,2.0852773828440268
0.6346655036940904,0.08890546849530312,-0.17208924050139257
0.5677020052994378,1.0317704814507613,0.4332659012369787
0.7080313613937198,0.3497796834117877,0.09899373884565008
-0.27731680932616676,0.5307507932332294,-0.27212826220019504
1.711582409882338,0.2794916737827031,-0.22624538854690224
1.552870929976638,1.1611424850298637,1.0371899673588918
-1.9508014321596943,-1.3565259957647093,0.33484838289992247
-0.9959239747726798,-1.0199424689606233,-1.2610055587930091
0.457378274181209,1.4752231009388095,1.130534172996532
-0.4096812002761766,0.32241060772181307,-0.9054944551366096
0.6151075236228781,0.5825262126221412,0.3325894473289803
0.741728484444623,0.45428116229065385,0.3021901230022155
0.36253796649798137,-0.01518687900724855,-0.37805884983313665
0.31877763557593025,0.46564014254582103,-0.7991054599816597
1.064691820875302,0.6037716869718968,0.46141295934753523
-0.06162121182831482,0.8786335008407087,-0.07691765144859652
-1.463837761532857,-0.01911040861513469,-1.2880071085458775
0.6134297040937164,-0.796670879303158,-0.44106484186673317
0.1037253716322693,1.035908843249724,0.8165090354827559
0.05920671693311534,-0.8701379857654702,-1.0643278429395218
1.914661100956557,1.3525886258806599,1.9311223125613868
-1.3442659703464899,-2.232165108690504,-0.8317464470153443
-0.30623608377142053,-1.1452278318472622,0.1365624743145893
-0.5083214381181491,-0.8339743343396038,0.5017441341267608
0.16851711958432516,-0.11233018953289492,0.19660406533788516
-0.07414752435748448,0.4476418583717389,-0.28884087057424335
0.031001481361372797,-0.3117007843646909,-0.39648864119011523
-0.9505351664993386,-0.14521661031718597,0.13720931197391195
0.22758457694470946,0.04814503305556932,-0.08811019580639429
0.8317853843996511,-1.9765528091118365,0.5038181255355996
-1.055473891329098,-0.35639894457671073,0.17937640770954
1.2757320523601885,-0.39136779416826806,0.9228977735656732
0.12451075612484772,-0.18033279816313236,0.1047445652889929
0.7232422893033196,-0.03258185890129167,0.4809134180079422
-0.9553477563031522,-1.2676869156722304,-1.720526526463284
0.7389871385715657,0.764673662825925,0.5315398182439994
0.0970808580964603,-0.6880193496325064,-0.6543751540837249
-0.3650290958222764,-0.015371699920285337,-0.20977640913882656
-0.7596670267948401,0.9757805441589404,-1.8590834033991326
0.7397211162772465,1.9822052093645708,0.7040777945991638
-0.01822467935994288,0.9638121596971052,1.5353603420642754
-0.17203574448132153,1.3939854727172138,1.1364265878061983
-0.1371384808417392,-0.5560328921633149,0.4007590021645728
1.4788340955100692,-0.3913569798682719,0.31617124841623867
0.28627094006894704,-0.5813185798546652,0.3139644337095623
-1.0263576338674048,-1.1445164243058155,-1.1193398579828113
-0.029160728706597087,0.19693493351940802,-1.3747845122370355
-0.5705312726259311,-0.49359511647585164,-0.5605993111023555
0.7463584658688419,0.05710956721044008,0.8432885234331571
0.6910470758126466,1.736310295503149,1.7645202932284199
-0.023479887412763988,0.6060211637522301,-0.6455693355308418
-0.3878276977837219,-1.2911169348260907,0.20924109208542163
0.08866362419945463,-0.04721028587542994,-0.29809355674759946
1.2296732646110746,0.2499690191547081,-0.1425870970491877
1.5211994522150738,0.7166520348695181,0.7357231913947281
0.3847564118968334,0.028208186561867216,0.785908261079947
1.1885302543763752,1.3205640737091917,-0.09614312686059956
-0.6310241410217654,-1.6929712620904922,-1.492276865309124
0.17724743337248056,0.3885695723559887,0.49365368491120665
0.2942639482103407,1.0441878747855982,0.6682165906323871
-0.4454636517366334,0.1312302722421802,-0.1333360528509934
1.4187273706209813,0.2505052452061428,0.5405504103983035
-0.08314673809161653,-0.8847491093589863,-0.8762522547563523
1.0925836222294707,0.2647808723472018,1.1708743063423626
0.17665901085399327,0.26419889495178583,0.34009045497559265
-0.6448882922141962,-0.07902984686276315,-1.31267959214119
-0.48977119440731565,-2.085456447947825,-0.8657107819197143
2.2464583960178373,1.460343481576395,1.965365785349328
-2.2429032519454353,0.05747505629908001,-1.3410759503821477
0.7018997050672233,1.2172439617260378,0.6631767964396909
-1.8075438154004715,-0.5283140880526174,-1.5321766135353936
0.29342511531496557,0.5823446441241205,0.07658976576702578
0.5945714055555807,0.5628342537376873,1.6880180132669231
1.3344806633713604,0.6498494173916038,0.6518668600674472
-1.5756356566524696,-0.2549179097066283,-1.548306199255446
-0.6363867325952799,0.20415031678505774,0.2829005399218183
-0.5072308467471229,-0.32225010338475535,0.9979744412869342
-0.07146000806212227,1.1459106969920214,-0.23818249040332934
-0.3475021220706336,-0.4429261766225545,-0.22857956885556496
1.0134445337409848,0.3266222231073846,-0.32528543097065454
-1.8013683240202922,-0.3636902198391737,-0.7783314291215525
0.7172162670589817,0.3983764577175373,-0.7918381587614675
0.7176030234958906,0.43721267872866737,1.03777734332347
-1.078305287068756,0.6273889170208014,0.07233510670618987
0.24577965379972694,-0.062457493918793655,-1.2654572780486468
-0.6532469799480499,-0.9919939221855378,-2.4268990113398585
-1.6868781339036936,-1.189458447718179,0.5598724207300094
1.5698846716840893,0.6467011070119599,-0.8077975544011589
-1.0865932374366611,-1.0580940323783123,-2.2463106624991602
1.0708556391503423,0.5844496899227416,1.0528861224906558
-0.8766554990714802,-0.2611355012943073,-0.11443216882547019
1.3735141679260794,1.5466166417801182,0.7905643577599623
1.4308711492306818,0.4362205644244662,0.1492041173365406
0.8620484042466136,-0.07584776779746372,-1.3842430859049117
1.10351758916517,0.4539232434851133,0.3860069430112584
2.0228735663498085,0.8899669400546897,1.559862541846595
-1.4267128214146034,0.023472713627386455,-2.513396506022046
-0.1958021704952315,-0.2524009727576158,-0.8572354847520958
-0.03845411774195996,-0.22337616067809,-0.4560797965871418
-0.7290575948564499,0.5328403322817886,-0.7566538803432562
0.8170844236806746,1.1709399720703269,1.382622967295858
-1.50354637771998,-0.16716237350422714,-1.5553182487770671
0.950269196304457,1.5705425938986903,-0.3039979038680909
-0.38913939914389906,-0.028989410191449155,0.4109025988669597
0.10288326289079455,0.6957012509158518,0.8371827451341972
-0.24579138591296196,1.399564686040861,0.8321759256624419
-0.26549351926190634,-1.1540888220274237,-0.1052817253483812
-0.2849162433101553,-0.6372980208709802,-0.5783062542505669
1.2020988885878512,1.2160708051932623,0.7371750179838688
-2.0764052797487826,-0.6965792299022047,-0.5311174576063238
1.2344291897918014,0.10998343289887724,0.8192633888764169
0.3658302864655036,2.441620867063069,0.9124788679690615
0.5570521634415894,0.39206109948489914,0.6636325922361133
-0.8772791933035796,-0.12954642967332536,-1.0347610889178611
-2.3267018301089437,-0.8493527154812404,0.23652356551021114
0.40485485799855564,2.166813208416536,0.7359639943731077
0.4142081041330672,1.0946336721595107,-0.5300125514180787
-0.07463080104374362,0.46101406506235965,-1.6923098936287333
-1.9354874287990387,0.0031725753918727673,-1.3325364287870674
0.7884289836217201,0.04384365064496876,-0.14179567289400086
2.275220643182737,0.6475268560658607,0.7129249515247739
0.5404177741595941,-0.4448779167149545,0.6586371338176713
-0.31047297362884957,-1.5166996463006923,0.9228599058775451
-0.18302634306319535,0.39174634302127276,1.2546435268439073
-1.324807141954524,1.237346794686656,0.23534408781219796
-0.18350406111799736,-1.7082067813670214,0.5417638208262514
-1.0678658675904509,-0.21018578707499513,-1.0662630756070055
0.25835160760522036,0.39220161761683664,0.4221974834083909
-1.7775174353120184,0.5558847078866568,-0.0570700725395456
1.1781522932422324,1.0733705689863062,-0.1995181549792222
0.09254797591795172,-1.0225681424259943,0.6402171899976873
0.8768538077676407,0.7138948445597846,-0.12651377926905183
-1.2995292959213658,-0.9078877857045728,-2.145119246539794
1.2259498995694427,-1.0939386831116007,-1.516030852968137
-1.5769243798786092,0.8479358952653832,1.1172042605893076
-1.236564374150929,-1.4147518711026268,1.0852696629036074
0.6188948752775838,-0.5549434385042108,-0.006900885181394284
0.46983954670924605,1.6292028011434745,1.0777854976603998
0.35889158766117,0.6310514687955303,-0.5402028103936383
-0.6484603715214616,-1.4764187836810772,0.01245118676130419
1.8809469665447602,0.16883703130827288,1.3122179228318385
1.188525330844061,0.6682642005244803,0.3640987177334487
0.43252369766895915,-0.872441212208554,-0.655283456760837
-0.6383640596877465,0.5815752242525325,0.3506841406918617
1.1958444748803194,-0.5391510244721595,-0.2890207905410121
-0.2676219803131448,-1.2869862984989568,0.11395590705755698
-0.5551436224030775,-0.42371832482518085,0.10401838681834019
0.25945088088651647,0.08779555003425918,-0.8932037657727572
-0.9209754614327444,-1.5047563178424102,-0.9878234762127535
-1.022493681923376,-0.5280629768084504,-0.5312758676615806
0.6956414406180335,-0.45285041121082814,1.4802102936632862
-0.47330441868159834,0.9521534401836519,-0.8982247619714997
-0.741153125141904,-0.7612429466977602,0.10031718001155393
1.9130144124985429,0.9800436161870415,0.6694374386223021
0.2791958387823559,-0.23696258455359756,0.6564687746080525
-0.26722110986947495,-3.649028944553667,-2.0535885853231606
-0.31725244110714634,1.571398629802708,1.5697027307414497
0.9447009739520755,1.4832221008119215,0.08578815070883905
-0.3233318207526018,1.5790729624664877,0.22223371359003152
0.09485675075843178,1.5910671670159313,1.044481162233698
0.02922627182591869,-0.8278653505527445,-0.39106313001808224
0.06211301598903206,1.506174126054002,1.5078807723425682
0.2478543174427336,0.1373079561896424,0.34926085261223566
0.8125679059327159,1.5844213470580555,0.13319782080936204
0.4258332218337871,0.5245615928551114,1.3250852883479445
0.03837088651185938,0.1273118930305971,0.24332858127804083
-0.3567873350179758,-0.3362043971275184,0.41694889574101907
-1.364216992731787,-1.4889639943589406,-0.1959588476144668
-1.6954979686057967,-1.7038590833801925,-1.4558204291327148
-1.3194455400143472,-1.8317578067591596,-1.7112117585922775
0.8712417043698945,0.9334642534788545,-0.1797407182985985
2.1198840120194244,1.717659613350071,2.6477159718367744
-1.0625236352359841,-0.9888791670484156,-1.4836524624914755
-0.941496985787842,-1.441666169654697,-1.3553554315925145
-0.6761411322876181,-0.6351871471443767,1.1694807194658803
0.26281814147997706,-1.1219003704078443,-0.011920656502489302
0.3855991196159072,-0.4702580003037963,0.4555296855355344
-2.1455254767173093,-0.319925131978846,-1.8079898275851094
0.22507653927835236,1.9331972370617465,-0.08746502873635631
0.12431104403001453,-0.3630476083266465,1.5154743654389866
2.0362385792588897,1.5819488772211923,1.7623049296908846
-1.6675114560561182,-0.5017218327206805,-0.6312141337026049
-1.1884667594617655,-1.4721947388794203,-1.0741270912328607
-0.31147825573463567,0.5653986034898272,1.548785901951807
0.9858159052026505,0.19655230203842178,-0.22090913866249084
0.2927571937503085,-0.28209081956743143,-0.5072603423558799
0.09885165541646555,0.05148940040549454,0.2806837722074575
0.6371279387427399,-0.9537375691808643,0.05031981128894889
-0.8032636964957935,-0.7872270190049548,-0.4334116820133662
-0.4452351615375426,0.3098213207221233,-0.09615640417850461
-0.412835617440932,-1.1992206577540703,-0.6440778813435084
-1.5651526988708855,-0.8396155820245738,-1.2098552557132003
-0.2236351614566616,0.2896038782107691,-0.7769023617088364
-1.179796747567275,0.40179335427033447,-0.1999756239699895
0.4033967498574425,0.2777705391071115,-0.5062930505832259
-0.4033826928720628,-1.7209270475920029,-0.17079792426616308
0.7729802740947049,-0.09870808376578055,2.359426885868397
-0.5786173385946262,0.6027990205144336,-0.2064551756749225
-0.44003399220657,-0.20003933029488635,0.06671863720629484
-1.1411014621715974,-0.16816940999883212,0.40468961325808606
-0.28852121058234176,0.39646319834568744,0.5280980989231571
1.7842167747589512,0.7922002877143646,0.5663771148275969
-0.29487190626762283,-0.9359122456340128,-1.1796837295612495
-1.9408785277979685,-0.7336649356248164,-1.3809260390238478
0.5216504776417337,-0.09115318173974885,1.2339518500966327
1.1850561877729433,-1.448965203596782,-0.3968046856391454
0.9688002163436792,2.0492896033656094,1.1980259295658984
0.9567372647101337,1.8297219978739419,1.6219821922576505
0.5681340483401403,-0.3618034345568849,-0.1621972205718505
-0.3823272833487073,-0.2894196202234375,-0.031596220354187604
-1.392699266351291,-0.0868743637426782,-1.135975757367702
1.2304642980643525,0.15364336709343218,-0.3382155422073385
-0.5664008326600386,-1.1312166363486131,-1.2618190612466318
-1.6988189051352052,-0.3135248588577936,-0.7021798256020798
-1.3203890021347227,-1.6333732741112281,-2.070158189910779
0.9470501083849783,1.3611969906272205,0.23389241376522057
0.2395936290742367,-0.8127887445690813,-1.0404261023552708
2.0712951159013646,0.7729953233709037,0.8004950284224553
0.9116753421847897,-0.022454889285345003,0.9256991377574596
0.2739499876697178,-0.15225861042366723,1.4961219924639813
-1.573756335075212,0.34763132418964815,-0.5684827660793238
1.6085281939470057,1.6752979124061798,0.7184123039191719
0.24301785723895591,-0.5274625389266248,1.0937725301737729
0.7808454272250254,-0.31839147118290495,-0.7188993391672512
1.0078830610240606,1.7778194999151902,1.1390927485487286
0.2277001381015565,-0.05048505893454705,0.33504036394966563
0.5815831753188663,0.9510954743167623,0.6960257544915548
-1.117180315696032,-1.3765010692578743,-1.020697729700106
2.112475109978033,-1.2070982721919572,1.2641376508191005
-0.19814069932782916,0.3956367043714146,0.5788834563107249
0.413495956964059,-0.23389645682996155,-0.4764124809363413
-2.0561615229417045,-1.5118783281096766,-0.46049024944206907
-0.45558274984132496,1.0632863148612781,0.12420548631745118
-1.4137019320864135,-0.3955222217967163,-1.273132209391498
0.0274020346438389,0.09215927830440598,-1.4293482792543397
1.2956120598100505,0.08298037611039244,0.5822331718362161
1.9862585010065879,0.7192868838834259,0.11960511571150123
0.742969870060453,-0.1337646723547679,0.036646566830341426
-0.5098995576515377,0.2801470006767952,-1.1890629353045423
2.0227118810628317,0.15836167662385592,0.23848549549674625
-0.6994268624902003,0.31797725963940077,-1.0010752270958607
-0.9422874305060308,-2.2231478241345304,-0.9850267175559773
0.3875575482340194,-1.1367536385119321,0.3820791613886815
1.5753747425883826,1.4542045151583738,1.7165737068928069
-0.6595048025185902,0.9311610259586776,-0.36578164480974396
-0.5938299924827626,-0.3498799713521854,0.3437460419432847
-2.101282356158797,-2.734582629372263,-1.7100040361697215
1.2243033029660157,0.30604678596586293,1.336488200363494
0.7336202241865208,0.5484833143579168,0.9358972995278285
-0.10631810109213621,-0.7967376366490667,0.04753752703956665
0.23053476818247465,-0.9537869331228881,0.7121436949073089
-0.18349095861931897,0.5094166355227479,0.8358000846403578
-0.07901795430477879,-0.3656085229368017,-0.3140562801530469
1.101653120064222,-0.8973075070425893,-0.6474306591751778
1.1669932346831224,0.26320171308540474,0.49180475893820386
-1.6675576863586936,-0.7030758875402079,-0.6107180562794186
-0.9458266668781062,-0.6226020520423107,0.6868695033102342
-1.9290369312588227,-1.3593744031404902,-0.9863474475768584
-0.7150444949272616,-0.6269785845133043,-0.4964987854980291
0.10025958254041394,0.8013302194558402,-0.7702200918408674
0.06561311119482016,-0.10426252324665304,0.1985048130720516
0.0013003702515892405,0.4366986514388188,0.24102447513096092
-1.318211352707229,-1.2085655998550637,0.2533224374238908
-0.07297934839501996,-0.33818720665555013,0.11659479701298911
-0.26839344125633585,1.1252406592044222,0.9460614417555281
1.1575594199705557,0.7524164542217441,0.3866320245691873
1.6640941402838887,0.4872797953525385,0.33692935815206754
0.2907755008729234,0.008558679271087055,1.5452105574151076
-0.003252083725259072,0.3068118173492782,0.3646235554231572
-0.03664139319657752,0.5166945751488491,-0.763639680738359
-0.274517958607613,-0.7392445483647714,-0.686658521056132
-0.8620472683950935,0.4198428142763122,-0.3226923108036821
0.9841302076899148,0.3873750653629638,1.1135437118815252
0.8186861968485647,0.6521799274979547,1.5257710286239048
0.3189066110171824,-0.6917921651301742,1.60364618389156
-0.10382135621851246,-0.13511270459263192,0.1629639762714576
-1.1856371200324112,-0.3618292116421568,0.4839432772534433
0.13747338461278924,1.1488445963202123,0.6856482612910728
-0.8948202248086271,-0.716461987043896,-0.9031459118168317
0.9921343806305334,1.0950855851307089,0.34582932009039974
-0.21091468678057876,-0.13013113196459197,0.2788706517573569
0.5075911118643431,0.7922175733744053,-1.7292733225308585
-0.15086252594661728,-1.0433857991906321,-0.5997281197535447
-1.1336006267781076,-1.4669499273986852,-0.8600697695670447
-0.5286456084251034,-0.611711690411457,-1.376623427105454
-0.7471821991916003,-0.46109073510228327,0.13729425523051497
-0.1331175201840598,-0.6750845069223387,-0.8890430447011595
-1.1277990297616063,0.4324320875021491,-0.2956660860032851
0.15419005032380356,-0.1894737363830887,-1.0857550931004507
-0.41811009980646613,-2.090114514450069,0.04110478986191757
0.0008498644687035814,0.5438057830810453,-0.09043896465691939
0.48567879326850394,0.1873280917772515,0.19829161106762036
1.159671673288784,1.6554471639227575,-0.029984906975252024
-0.19719022307799103,-1.0752169315429594,0.15229171101059313
-0.5713936517875108,0.2703449471464998,-0.3495194755452722
1.865705029608344,1.2453620411961723,0.2850825488972547
-0.6023488710862993,0.7154702416397931,0.20128461777606513
-0.45004507040341535,-1.3292959040755388,-0.6473148688889026
0.4589712212439587,-0.261535932005789,0.2325945731347889
-1.3974202690585358,-0.27618538584684255,-2.2536972889146294
-1.7943860450188682,-1.053407657544866,-1.6347928888023002
0.4163246349192403,0.11373764113671975,0.30954041705098956
-0.7599156657930191,0.513798555759196,1.7896976194839769
0.04066092691585288,0.9300595993994761,0.4904011506922183
-0.797532302100575,-0.8316481848644233,-0.7786861761934918
-0.3821843476483932,0.9239818069174144,-0.12827881588504766
0.24276968600753893,0.7437140091100208,0.6339221116211511
-0.28079943928267603,-1.2615027204792437,-0.2529066980972321
0.966636669324262,1.017895047350547,1.7348036632260975
-0.016667263074063368,-0.09379727431428346,0.5808122145002053
0.21094795682884246,-1.1906480387280438,0.5842218394616576
-3.6393146392253466,-1.2943838570658914,-2.359034041779499
0.8026619370701706,-0.07526877118232839,-0.05171920240314076
1.3669117793071226,0.561223203169667,2.009414914698634
-0.0466864542384234,-0.9979243808341283,0.6404785258315803
-0.3225667130458309,1.2744756887025273,1.0506532671180104
1.3585360847822112,0.859720574738432,2.371733738615191
0.18714666199527755,0.03994965057295312,-0.7018762016001976
-0.6305403843865138,-2.230337478739186,-1.4020526555789745
-0.3277799663339122,-1.061645583568001,-0.612618826578399
0.13017436540331423,-2.0023594420896402,1.1561729977743627
0.25335155359225,-0.04346658462622885,1.230930598666916
-0.38085547576732276,-1.0183531691014687,-0.4323689588434556
-1.5660478152955652,-0.6996437162535771,-1.0404404270871281
0.5162011025501646,0.4181587407975079,-0.9565382867220598
0.309883406110376,-0.09011123593059062,-0.3815528934666068
-0.945041809661856,-1.6754707753548006,-1.6802338528994218
-1.3341949346553095,-1.443898671600339,-0.3345695617554778
0.6881117167563616,0.5044839367157353,1.2809479177713565
-1.6239018301317714,-1.6118661100292353,-1.3064312555254014
-0.023155089087046252,1.4542499934733666,1.5706044005999011
-0.023348180403494966,-0.44415503197718803,0.3412924903565905
-0.43101251150116837,-1.2090524287946618,-0.16816718679967935
-1.3258512397411981,-1.3920248250542957,0.0013702162954910557
2.8847209948959565,0.560263105427443,0.24505422058030846
2.3985634389910846,1.998191685262133,1.7254601835893
-1.142515914644131,-1.0608620413585181,-0.24487277232043048
-1.5941559930473237,-0.7690504304787068,0.17999938146765915
0.9210472407472923,1.192502500100708,0.751059868064384
0.9170039339920514,0.9846199494301633,1.2696292918336503
-0.8456871789736982,0.16918648971687317,-0.1583066872081465
-0.27773691721171406,-0.7344312090678746,-0.628125113139272
0.6276202456679174,0.6671473804813464,-0.1369528280674096
-0.48435898821226975,-0.6153646725244285,0.49312369225367125
0.5335195357713743,-0.057681917950949235,0.2844118330023132
0.9985368263126293,-0.29219303405709096,-0.05469001435482007
-0.0665225930143524,-0.4624409336588611,0.42310266145694064
0.6088099171591963,0.1622076714599792,-0.05150672318871646
-1.1842453411275011,-1.4850062561705797,-1.0784533899624684
1.2157568979273345,0.10185692103217203,-0.9935778380940687
-0.6653849399908588,-0.07531208596511973,0.9651932424380515
0.4975679687525166,1.100668911408257,-0.0934968267319155
0.682334885633154,2.502013639474707,-0.5828688616573658
0.15974726847077583,0.9024345741693496,0.4399407306573345
-0.9088222419695463,-1.5524190648871348,0.459689537030895
1.6325758367995646,0.9658955287043876,0.6574050637041582
0.1671913502426778,-0.5771155309616356,-1.31001806697141
1.7908780430620654,2.405370430363038,1.0563604531011297
0.7162447281392154,-0.6012775061165097,-0.2669712108002911
2.2097873169830318,-0.31972965906755335,1.7479376836349818
-1.6796378843303685,-1.1372173348309975,-0.6606089180511762
-0.7346913952882259,-1.21452542648466,0.2992351325247691
1.8038530121097338,1.5874044139565004,1.1059378839107428
1.2322865596350212,1.9195871165422025,1.5878483187875454
-0.6088584528244503,-0.11739003771524284,-1.5120589902257229
-0.3501949371694039,-1.290010833964616,-0.6005366932100606
-1.636983252969635,-2.1258035401483992,-0.5269867189722754
-1.5688545125157263,-0.5980893815543471,-1.0008212181532723
-1.61988784284761,-0.6574659121916014,-1.0668227249455673
0.4428994944547917,0.4358553322490477,-0.18798536109409403
0.5362363798286136,-0.9755724519250429,-0.25561271536574776
-1.0240511272707329,0.5507565375490768,0.12144261319569882
-0.6254883945124183,-1.1112564629941724,0.5214758732078897
-0.6823149480146353,0.49890712131984566,-0.9833355459647173
1.3586692945525778,-0.5453702085412931,0.8088844430972155
0.12708561673450589,-0.3737895790161184,-1.3230739001012248
-0.0008330597477128851,-0.6860982539311772,-0.5607186518005706
-2.043255027209423,-0.8997551136469704,-1.626468522937385
0.44912017719263553,0.24949667595973435,-0.12506459018184393
-2.5302295703252664,-1.5819149553422247,-2.466551331267794
-0.6088319858738007,-0.3933735055817632,-1.4918927180825805
1.5642449983761575,-0.3814637338556057,0.24822675974892314
1.8026185174585807,-0.3329232356302737,1.81266968562999
0.5400205215511823,0.35149307954356945,0.4041290180552529
-1.0990796340610403,-0.14627007311716522,-0.8351716420478714
-0.8684834888693235,0.4322762078409621,0.3339920360141537
1.6391351514124415,1.7304003816817124,1.2552401731823115
-0.24829915017224266,-1.5746590127658169,-1.6444743847224683
-2.2398930912583626,-2.276937103010343,-1.2319823840816946
-0.7316464957666221,-1.6604559184444623,-1.2740856243717316
-0.5244926921171814,-0.32006275342051693,-0.39732055096204255
-0.40649586556392864,1.4659768240348152,1.9309654385388928
0.505672101594429,0.17841760538911872,-1.3055932184589947
0.510674461938281,2.2260187698389315,0.5724850805540014
-0.274380152407896,0.24229288692896112,1.322354678022424
-0.92551035467288,-1.1897855704365816,-1.074528729571586
-0.47464962103478064,0.12893198520151433,0.3789671654002154
0.3955410251461708,-0.19514935822999482,0.5851978609509007
-0.3921755695927392,0.1524549868076878,-1.2085878217385655
0.6159449675576981,0.034316858376581605,1.0746569069215002
-1.3003123074879654,-0.907331072251997,0.22308450859089513
0.49445545785393236,0.46937679846798075,0.10178233777684717
-0.2955332455460376,0.01737117036889735,0.8855034112465157
1.1221493297151919,-0.016147084104099707,0.9501767394407237
-0.2396377518086397,-0.4613805738222044,-0.9834123470348539
1.8486611717685506,-0.0025658865912352447,0.10787404745653095
-0.3031849509972713,0.8472210225042218,0.7782256801820494
-0.4213343318269055,-0.8605583602118332,-0.8213789825979025
0.00881164907394731,-0.5319356374029202,-1.0060191491851787
-0.7919582391937027,-0.930847092749878,-2.2222070369796585
0.951774664142035,0.6065490000615944,0.6305566638647037
-1.1019662024931591,-0.295093049648229,-1.2986352208747662
3.1406283798864334,1.4972083158409886,2.218525076752633
-1.1115525176816177,-1.0649643123627357,0.3725104066477254
0.21784086430580693,1.1497913846593213,-0.20592264210844863
-0.5875892590154014,-1.246381113477868,1.7552677665291267
-1.1028650734432812,-0.0848217188226622,-0.5025643663233613
1.4909830764212046,-0.7241356944448539,0.19132902201172422
-0.14810550620820692,-1.635222762329488,-0.5839739312419789
0.23001145890021973,0.9318638789937508,0.6842164610252811
1.77322133170526,0.26982849554165445,0.7203888602522159
0.6507089384282029,1.1354325935101564,0.3225196186691312
0.9713411515649095,0.9985919025455158,1.5973739212469016
0.036652041144719996,0.8229256150995331,1.119237722843814
-0.33790733871056133,0.5527795936098987,1.4159702246667323
-2.5256876512393163,-2.0801209896163777,-2.050010929783998
1.7851207828905684,0.6661543631031608,0.7432789166695755
0.30763638397355614,1.3137602487117501,0.06498916739667748
1.1134990325041725,0.6335388864415792,0.14622800417264792
0.8818604397736984,0.002527142892281009,-0.8525106074866731
-0.36866928811068544,-1.1591160945094854,-0.5382060892454883
0.4988736668040436,-1.0222233924643986,-0.8657056007161866
-1.8049097874062645,-0.8048330258594609,-0.9940256729861461
-0.12828831201948,-1.1822374140862033,-0.590940965646067
-0.0079008674421181,-0.37857084791669526,-1.5137031682730493
-0.6080883517632033,-1.224309049441672,-2.028498779846341
0.7754425764094535,-0.13796442464332231,-0.8914415533644524
-2.698474113368437,-1.5304431221379258,-3.3052250488155446
0.7473647678934602,0.39279226726699445,0.360127314486479
0.7249116776096735,1.6585177503790338,0.7836228220966689
0.3285844910356049,0.4574624127757596,0.7812446825299013
-0.027025820710205564,1.1255430100652868,1.2080196496132958
-0.7888343580095658,1.4177100832404674,0.513343740674024
0.2273681166163542,0.10417746091839956,-1.2172199467615972
0.39479172693510867,0.7592701794737277,-0.2527585188757403
0.795116974485493,-0.27847632774995534,-1.1725957010940409
-1.0639321856685178,-0.8300314075161993,-1.230264711864313
0.15123376407180772,0.5054974051148373,1.6867637147338006
0.5127434160112538,-1.4832453812042798,1.486693716029223
0.13238848655734176,0.34752949184061077,0.24795495001735945
0.08825748881961984,0.6097913412167353,-0.3616608575636512
-0.36645373624559346,0.5686457117296096,0.35801995894257466
0.025833479008663788,-0.3371157556342274,-0.6702649553834976
-0.15197210432173563,0.5869278157693097,0.13111980387190553
0.4813265901808597,-0.08737711825044964,0.23290251547744312
0.13505749290361233,1.0225467816712872,-0.6275310114270212
1.0667315597871434,-0.34388631833292993,0.7267644810282847
-0.6836371761037152,-1.244953168917041,-1.0757823182977524
0.20733505258502338,0.09280181280340527,0.1624902558084707
-0.39751989211681277,-1.5500580435060278,-1.300313465830524
-1.0430502554828665,-2.184348999264637,-1.2044712999936582
0.5028607496013526,0.07019399738342116,0.8677479570688789
1.034202924915865,-1.0667365759399325,0.023134231758781335
1.8479324316055832,1.33648446728038,0.8023087666733072
0.10517364531255184,-1.1077162285521205,0.28961835556433757
-2.358423372601803,-1.5780994278696088,-1.172149996992874
-0.4782532912998601,-1.01532793406064,0.6291540338668381
1.047652210322806,0.7280656106781787,-0.1961314491395426
0.6251289622778567,0.35843764349292,-0.6210458608506947
-0.3339301080890021,-1.5413897488684354,-0.2761523454667882
1.3405057566985488,1.0673741747125853,0.9610547599328498
0.1799435657846592,-0.6695699455132935,-1.1272596338976055
1.3290425389526668,-0.016128276923768947,-0.2014659605117145
0.15389893927570192,-0.7931047928633119,0.23755246943848568
0.03615715482796874,0.18741055915530802,-1.2253457030497608
-0.26113569450504315,1.7990348789738286,-0.12617564583636665
-0.5694118985950931,-1.1170741362477945,-1.2943252339064002
0.4237792048444215,-0.883911899461556,-0.5193809664830258
0.22802651423218953,1.1651233462623944,1.5033205754825953
0.6542909835116987,1.2192174647739304,-0.32884163147173995
0.015426204314627486,0.2244964221461767,-0.1465587411737132
-0.85863958740605,1.064169959805585,1.1336917674042637
-0.2902506191968064,-1.6355694046123321,-0.9733843859542093
-0.5196264156524952,0.03783947562792661,-0.5321808737330025
0.43036093712225754,-0.7508167566412485,-1.109408631221839
0.5165631133159645,-0.46551385950306373,1.3423803231468499
0.7524897312036515,0.8195376632078122,0.8559711283583915
0.2448447239166049,0.8247911975854704,-0.2657858103850769
-1.2426814505858237,-1.2144791298015103,-1.1291445024020774
-0.24364950575539973,0.3081005786125326,-0.7616996307318852
0.3703394487513763,0.5648663330588695,0.5847560242111032
0.023066564916909584,-1.2281503558158657,0.3662278507497543
1.097914384149034,1.100729997956404,0.7163707699421229
1.6377435790814294,1.0035085988268806,1.0362918347168226
-0.8191861064099966,-1.6129013088146582,0.7582938321634592
-0.39077694905360194,-3.1321859010983695,-1.9992993668632126
-0.06847056012678991,-0.4609766690546754,-0.7036852091791963
0.5194081052043631,0.8729099318355376,1.2366637102328057
0.9761368412622743,0.06352273594488511,1.486742698264757
0.9592245513980887,1.8623888838620493,1.566656044326262
0.4789489895909833,0.6072793020713455,-1.4824623505584316
0.6089269345505548,0.8059749850960909,-0.06513194831934205
0.6474898374424188,0.9688905450479111,0.15756115991190356
-0.9660812889391235,-0.7128806310744458,-0.7308632738870742
-0.23065610194877648,1.1182974494549676,-0.5446950023136238
0.01898237563052266,0.6018337991013263,-0.48594651051419546
-0.3293498247818852,-0.5943984253789281,0.6034020268267064
-1.3169751407811425,-1.9262667127034083,-1.910612993086155
-0.7691336125675398,0.9791747739718721,0.5156239032800982
0.09243758825362759,-0.8060871015092187,0.26572259631401307
-0.5487345952922584,-0.5950480488504828,-2.167733616488194
0.6703615954955686,1.0879859335867805,0.41387930114374527
0.7509852940845778,0.21919241377842644,-1.0044870332141993
-0.14848243940169245,-0.7877548390050361,-0.16049304873542153
0.8125873655822746,0.5785449703618939,2.225025350907137
-2.162027999139945,-0.9843096804486593,-0.11834766167939303
0.6936459268987272,-0.08865431617310449,-0.7350478817342219
-0.13112102413937082,0.2287214933936752,0.6430769623553058
0.20499247876072965,0.8010974666889051,0.5799735344002667
1.2060824469328144,1.711308748452217,0.7650103179369571
0.586836262551259,-0.37899603476075017,1.0913911781378356
-0.8984705611167961,-1.6190152202458123,-0.15518585319616696
0.09468331657357243,-0.5193367578094255,1.144335128735388
0.43756580882630863,-1.489029402608107,-0.4064035851053349
-1.3842391435278245,-0.13572421871522222,-2.022936623310496
0.31557467807737294,0.034258251836361386,0.016055833608913522
-1.094482840270816,1.2187613925713117,-0.42597336141006426
-0.21774155343354393,-0.4339679082936094,-0.10673205609104167
0.09994547886678962,0.8794422323034246,-1.6209541756691463
0.44411376097743954,1.0411804152322295,0.05708816350065482
-0.7180677997868158,1.051875955295255,0.46491229829547875
0.40252709488299043,-0.20802792977827594,-0.24825908888460674
1.5310802707208648,0.37496248524711023,0.4579415303083134
-1.0432284745640437,-2.057672072447969,-1.2738576523786775
-0.11471880239897449,0.007591373393949302,-1.7668529639280808
-0.3860632404310879,0.20394033386481178,-0.2824322747663284
-0.14081813022300202,-0.11345597397502534,0.21216127746956745
-1.0039670833478558,-1.014555678275494,0.21089336931302483
-1.2855023482903876,-0.9082089861844727,-1.6782052331481805
-1.5932346016307213,-0.3709669019644676,-1.137399957821313
-0.9604886237234669,-1.720291806104116,-0.5478132995719409
0.8360123091971551,-0.5110019798659808,0.9298199266293803
-0.7977799550985928,-0.3662401075991501,-1.2292449539370645
-1.0826090089224676,0.7515547301186827,-1.0379284673846916
-0.05810989015333973,0.005527416883436047,2.0917465370749895
-0.24611931163699685,-1.0456056294260763,-0.14385245946514263
0.19926256320984326,0.11826662423004153,0.8102834901987499
1.433557580748485,2.1125166238395634,1.2129176072782153
0.660352183572278,1.235796410374451,0.39626002999416854
1.9203439116948724,1.6006800754259607,2.7719075317696324
-0.9832665443772332,-1.6319026527364429,-1.6054094726323616
-0.01684590536861114,1.0868108160841654,0.5912537435988948
0.30620934224437846,-0.03479527043630995,-0.12269623557581891
-1.070852884526538,0.6681939407104037,-0.26837882818878855
0.9792306559339684,1.7451949907438662,1.0127793708473851
-1.5387171066137404,-0.6379140477776211,-1.2263512850540683
2.6289231518178577,-0.04233149972005745,1.981005642186648
1.0473719734521916,0.9925587441548627,0.3002099403432271
-0.2809252585803189,1.4191214340017275,-0.5122970288306641
0.27943776138391013,-0.4896279703198496,-1.0833988948636921
-1.1273352968062695,-0.7149476385480233,-1.8699652179241424
-2.23566125571538,-0.039528199585276313,-2.320444517338478
-1.414375278809492,0.05643457825645826,-0.570421188460385
-0.20090940661458948,0.48594074124711983,0.5175012658285583
-2.1252717485713393,-1.7694149013951248,-1.0555826641286425
0.28238743654059584,0.23813639176334336,0.7103906861070354
-0.13903499735042543,0.17928758335285017,0.38295889867202715
-0.7678118360194301,-0.8196761004338964,-0.6693505636811734
-0.9618468757542954,-0.26099124362980314,-1.4606379292410505
-1.9799056264926522,-2.4697292030929625,-1.6556237905194469
-0.29192409796558616,0.06883792168300176,-0.4335056715268707
-1.4311896656752874,-2.35403862793647,0.13425517942324783
-0.6516196557422462,1.283426846744467,-0.041043633929602114
0.27422911679378104,0.5277024118523834,0.5830555521874029
-1.19308590277137,-0.2628743538819485,-1.7500021672046397
0.060575432671596104,-0.4226166586350406,0.44806446617836204
-0.7562550960387153,-0.6917717839624431,0.1861869719080706
0.9580867271544561,0.14418667770499133,1.839834123929386
-0.13455488458069198,0.6136103540833623,1.2950390345233314
-1.0851357312123342,-0.8988409736823922,-0.33576904777231487
-0.11794298796828546,-2.215353483910935,-0.7490447563293043
1.0132841932360133,-0.08364059205131213,1.413361482273203
-0.21264459484412654,-0.8976065790539697,-2.0334148491340724
-0.32503173776938765,-1.612008129556783,-0.7543593440034273
-0.29837615790795674,1.3727556825628322,0.39111779278366565
0.7853293380330969,0.6689974981033832,1.7686432284763067
-0.19657273025098343,-0.2536782602203101,0.7201866456538646
0.6499388990624044,0.33647219657361355,1.0033562519838222
0.0030104610973207013,1.2797958953445983,-0.17009547858646568
0.04665072481844,-0.832033191965794,-0.7378533900516161
-0.39576462231143433,1.3774163282212277,-0.059740295073018285
1.7812111297784885,-0.06781228347304324,1.3276236924169518
0.27885497386783675,-0.5477711573946967,-0.9338453606399103
0.6104627945544611,1.1458468306764642,-0.056251926073248915
0.9527750805506405,-0.5815910076214975,-1.2956850997981793
0.24278448364575902,0.189659583565843,-0.4491043549084863
0.4457838834619518,-0.5315611292446476,-0.9525604640427965
-0.11544295414383549,0.5348910298867302,-0.7311320480703349
-0.04469867367190062,-0.9894325329551635,0.39552048391127387
-0.5835196633273727,-0.5521311046965909,0.08925387214863933
-0.3531901997589719,0.3240375586934551,-1.9790579378322954
0.2022275438145496,0.4104192294236371,0.5186649909058245
-0.9246461284049,-0.2656159829894505,-0.7230120718889456
0.4545528777933684,0.6455931587432087,-0.9752410731984165
0.12732445190917344,-1.3622854785567158,-2.0467324895117525
-0.7605750084161521,-0.04868358066708384,-0.2770029574433569
-1.7171240668745755,-2.0154860744914904,-0.934869888931966
1.9078936502896253,1.4439897652640878,1.2055430222302295
0.5641400849294185,1.3858477415752803,0.02850146232085382
1.0598008487078248,-0.06436027910375142,0.46393320527253246
1.0544791335449313,-0.564497688506375,0.824701859420061
1.1894189217819862,1.6875521976784564,0.05886277467069578
1.147716522808262,-0.31644737334274453,1.1706610162583315
-0.501528936463913,-1.2598588272576134,-1.2047811954388519
-0.11507512220553197,0.594245161217637,1.1916595540702692
0.5959793771618889,1.286370253477211,0.3998691771817118
0.9434444428542845,0.8657504810840003,-0.9240011120443259
0.6773027829874976,-1.3709022358484484,0.33742425003691934
0.838367317216367,1.769266814365376,-0.938772599078061
1.0236731378627664,0.6124881494151782,-0.7483691232129143
0.4778658915414288,-0.8541278362604676,-0.7500226945471695
-1.1858419324428642,-2.2770455138550965,-2.0474089668934763
1.118340134841899,0.8684898662433258,0.3362953465048014
-1.0198485988312092,-0.42355535190105087,-2.045610230652085
0.6285273367680738,0.11743181613073042,0.9849026414037523
0.267711109451147,0.9113977357294977,-1.378524206248724
0.12531337640868642,0.9452961010243782,1.22782365338943
-0.16226095835255117,-0.3057613800810767,0.4729461030877443
1.1417787506705883,1.5922891505599754,2.5752376773892287
-0.8920490330418149,0.7011416141519087,-0.844424498841408
2.570561895840232,0.3928320627386368,1.8166959649002186
0.0734474324313076,0.4693412423891815,0.18133869218048163
0.35887202123503165,0.3713030146873868,0.397346838007739
1.0522358508634044,1.1327830693686058,0.6460205373401188
-0.5477563329804612,-0.4072062221929863,-0.45525132457435313
-1.5136439191973479,0.16863206554413657,-2.052381453545262
-0.6176418997651282,0.0787634722571165,1.0386353535583712
0.9832128342241951,0.5704474391218002,1.0743238961701447
-1.216430654156838,-1.3618400025081865,-1.7490945433542167
-0.276636482328256,-0.9735313618322197,-0.4745398095877667
-0.10868691249447293,1.075946900834916,0.4455835348267719
0.2915764656384133,-0.5952835582573768,2.033351174718664
-0.31155209183712035,-1.1223907320578814,-0.8863712249096724
0.07610523298569456,0.4947345107214761,0.6782311938513739
-1.3255890186719461,-1.5345188016437787,-1.452793842379262
0.42337030479787874,1.3097747383590475,1.019279943375981
1.1739110587461727,0.5051238409856739,-0.5347347173604429
-0.40112675625821415,-1.0938533323908102,-0.47897594502391133
0.25691595708739184,0.3938634144488328,0.7052080365002054
1.0750833609059844,-0.6034292850753589,0.46749672132948883
0.6100121626109739,0.35091236402387094,0.8705089947551214
-2.181487830960675,-1.3582413568288987,-0.8112297213020483
-0.15284703718007925,1.033035170468363,0.10956856879033045
1.2608124458207537,2.166084242547559,0.17130401138858242
-0.32164869127276263,0.6718101300165344,-0.8629389466191212
0.8895977954402524,-0.1832578544221231,0.4348639267084437
0.46823424857818324,0.29327732888783725,0.9550894544182094
0.05787714105946861,-0.7514736939287456,0.29899317985883045
0.36978734960982296,-0.20448156454537122,1.1128360492831422
-0.4853074474353646,-1.6785543218308336,0.233992246222974
1.150145343615841,0.8220533926652158,0.978475726918139
0.7804032039558779,0.5221003603532205,-0.30581657757545805
0.8003634325523733,-0.8656965214189629,0.3540181397646881
-0.15831315871061355,-0.07300896117223905,1.3686128396984372
-0.05249785631563825,0.61499770687896,0.38345274990559103
0.303512286816554,0.4146604924576348,0.024107448591567132
-0.963971767371336,-2.076846486706777,-1.181069036794938
-0.6287605704061593,1.0735938787895056,-0.5747446013411213
0.8476472437521927,0.09658738241949505,-0.6594685017544857
-0.9679919223318305,-0.9883900793565104,0.19523734939095871
1.5053878086854218,1.67177699144964,0.9003616577929159
1.5175242308214452,1.2839480880054315,0.45760650737644887
0.20869301204067126,0.11657303173607188,0.36496475359505837
0.9201288037979836,-0.0859359636851813,-0.9534145319876659
-1.4455396111590524,-0.8142112316884901,-1.804092113955944
0.5976064319427745,0.14140859601224637,-0.26132975587307994
-0.12376114665112985,0.6659299044787552,-0.5042936045032959
0.17571337097290948,0.3197724753969953,0.08604918775359838
0.2826959999055944,0.7915630258811212,-0.49348572545155633
-1.2213942151002586,0.7984827010728134,1.428309333856457
0.32329102705145535,0.12000579610021495,-0.6535625584177082
2.14067118780189,1.2310315833699115,-0.045448921292250866
-0.7433931450933885,0.4675130909463345,0.8337256635968973
0.1393721458884305,0.5637709076829899,-0.7076343942042578
-1.4274386302487838,-0.2205745599178196,-0.17632038442292386
0.5405943395566895,0.6566419457687603,-0.7412356674805296
0.19725267190151174,1.3685865362304708,0.4855784538740664
1.1487490869401789,-0.3980912922364568,0.5470054751830371
-0.6493876585693179,0.13429298027279107,0.33575382711081325
1.2054078181118086,0.4290371625840485,0.34260244556816666
0.5207370151908424,-0.23090992183137066,-0.20471681494779198
0.9416999327677975,-0.394878213413276,-0.6751894548098802
-1.2846256074564564,-0.9037067581535738,0.4836696719503232
1.2326222194445884,-0.2930960381875497,1.8536297762606218
1.5366786046099339,0.9548414826215105,0.8835796177083685
0.24753903532986227,-1.5403781885116623,-1.1903486059818529
1.5490855248456605,-0.007062307457871508,0.4118239117797662
-0.1977219588436051,0.23267226675926578,0.500958207489528
-0.7638492694517593,-0.513577953073619,1.787303708121984
-0.7650904498447039,-1.2640929403921666,-1.6400929119715388
0.5661590549194354,0.37383745183239325,0.4140278499429604
1.0725945330388142,0.5797203977466244,0.6791675637487147
-0.9406711760897637,0.579252667020684,-0.21671615296332922
0.9715940406748435,0.5061292821162348,0.19380653742353632
-1.5871779603078466,-0.325115459685295,0.4045292992779551
-1.219684900099077,0.35065662692302235,-0.9693176063887982
0.03480173749864265,-0.5223268662168448,0.6591405955025736
-0.7657360187756824,0.8517323235074343,-1.2646570780483257
0.18833857230293244,0.8447415267514017,-0.13002564937859296
1.4199707348790285,-0.5770919087193521,-0.09331205419603861
0.9224501099638781,0.3678842871256164,0.429745181724019
-1.0730829516331288,-1.749717283226512,-1.4406629651490626
-0.7891931875027438,-2.7893886517761035,-0.8286470201358735
1.9208789073436408,1.0769589973268088,1.4963042259744923
-0.08807855601294101,0.6104505968201431,0.512487361934303
-0.29536582582840365,-0.013649068699933098,-0.821938641359532
0.2247355357011698,-0.8088515695947281,0.017178882701715317
0.40281612417818563,-1.197450074845714,-0.33943134336379743
0.5026777087398964,1.5957666674480886,0.7794170211002093
0.043876752465561795,1.8065532321473154,0.9149776144539151
-0.012102691545392601,1.0834132581266755,-0.24989077536600868
-1.5987111016991549,-1.7504303648238273,-0.8627171574029051
-1.4539036026123646,-0.2727850995318314,-1.0045623283003111
-0.999899129358787,-1.3674651978971168,-1.1411469986265421
0.9086148960362127,0.5046252192217967,2.1196549302792125
1.4357193871116358,0.8165767467445559,0.9126841244863131
0.4723837350184684,-0.4646543207840909,0.3413751758495112
0.23674781144911325,0.2564406876548849,0.7266034056877241
1.688433325725851,0.4460860197329381,0.0560895218472417
-0.7866994428088144,0.9392379951875224,1.6270581930776888
-0.24003060753206593,0.5491632269944338,-1.0507980326625366
-0.39218096343029113,-1.7856544211461634,-2.674622989956321
-1.6541145286546182,-2.7220979463810617,-0.996465268585956
2.0242182805621813,2.0529550096144984,1.6144239832809508
-0.3495894962951276,-1.3590291953948375,0.4765136188319436
-1.1803456041151068,0.42795080796259044,-0.37351856336966965
-1.8115299022698137,-1.3675015112438182,-0.926586045126249
-1.9121314915458298,1.2515944150610114,-0.09319619634788151
-0.3810015847260703,-1.7578236109070025,-0.5491923602753852
1.2860545508820143,0.6050228622767604,-0.8786814733075683
-0.6384684137429807,-0.6017885167018219,-1.4564257618040262
0.9049213302483046,-0.2655054479101717,0.5922543541037186
2.7651502926399356,0.25393527319474507,1.8294228107637882
-1.9196745417438925,-1.1504079462787062,-1.5719129681511221
0.17778569214098874,-0.11182160177127129,-1.7798117363998425
-1.7967655773263216,-0.9363119398386484,-2.4232171997588687
-0.4591750797772772,-0.47005009901531647,-0.7522993554217274
0.6075383901749732,1.837912931102395,0.5654685919334723
-1.5366019295615507,-2.619099371178846,-0.6924415754198898
-0.6756070953947846,0.18575559174433998,0.16073067957644538
-1.147231592328383,-2.229846755850802,-0.658668812172613
-1.7629544377370914,0.3156345057280714,-0.4971561449426597
0.5245744738495934,0.4117978833510519,1.0323861999144364
-0.46622564435585045,-1.0888565370254504,-0.33989800468672854
0.1037913940437626,-1.3858574703225193,-0.40801003355874493
-0.04061562768984814,0.09416321549072762,-0.14312337225296004
-0.3174988857879799,-1.6988681772544303,-0.20855026838609636
-0.9150884704367105,-0.5364596125735682,0.048821955079870305
0.9685726050075704,1.5457526811845868,-1.2880172135017922
-0.06363544585513699,-1.1019758448726105,-0.8804418528831391
-1.5641319961906452,-0.49896547729857277,-1.8544553886067585
0.6998541744437142,-0.1261886896080759,2.221314112168243
0.19077348127936566,1.4776243855276938,1.4583458865721206
0.14649930991224525,1.0208831453435363,1.5892743765761423
-1.497808703597777,-1.0833885205968,0.08825655196159099
-0.03612350704507522,-0.4248891269656083,-0.30571380684839006
0.4176006972882404,1.7118310371635237,1.288880189724813
1.6492546230498664,0.839410923298078,0.7390811420146707
-0.38747706363088047,-0.8448418914997523,-1.321788633658298
0.09811875276935715,0.07395740353276559,0.5587146631561735
0.5722215375897436,-0.17957076331885274,-0.12742931058611087
0.4260084092964561,-0.5529763983587557,0.9798064173649215
1.3127907518855342,0.8817568013760263,0.5137239659427981
-0.6140772473764295,0.5861413900937442,0.9181449297328907
-2.518996649323383,-1.4216162571544655,-1.8970258562436797
1.5916008241037114,-0.32945133775319524,-0.26780258804458373
-0.39724668624408704,-0.9506818678861262,-1.3751015375962834
-1.9628695689573399,-2.0824195761622155,0.8341034916809815
1.8591322762217757,2.8662876495228433,1.625971929045707
-0.2944860487626126,-0.9220707693022024,0.1682793059205786
1.4099073927688286,0.613172691673938,0.387022389305056
-0.5060277656582048,-0.7323169259010013,-0.7248451546342976
-0.7720063984215341,-0.8095856964986392,-0.8095860185676402
-1.7696603979391294,-2.965579903823099,-1.201275495358666
1.1996509660090031,-0.24531669990587668,1.6735359518854067
-0.030063280125463002,0.23288488590672773,1.0808589084097855
1.8532142960358413,1.1159774544720205,2.1475600884437402
0.05712544176644586,0.3073417300350505,1.2638114346816858
0.49019606261700865,1.5463936611510332,-0.9153163792230634
-1.414794169760911,0.08080772547450099,0.6977428444558514
-1.2158981297160358,-0.4777272372204069,0.3841654552348378
-0.3679659013908318,0.659108878615722,-0.5004823475461467
-0.39008322016195995,0.07698599775697892,1.4050519319842758
-0.9008346449617248,-0.42048884067459646,-0.9375863675634434
-1.221430164388382,-1.0543182329637149,0.0615755700939824
1.0709573624190525,1.4960424977044646,1.7315894292967426
-1.3729619149703922,0.4272578424844806,0.05714045969721615
1.0311094683790107,0.43348911235435683,0.6100766714987171
-0.325922823447841,0.34156158216423343,2.967006105035566
-1.102585418687047,0.05260265973710432,-0.3741819716428044
-0.23339858572104055,-0.657732633644189,1.3632578294965554
1.1749650872110557,0.9330863554385087,0.8186314386558227
-0.6758684657534364,-0.7489300665677683,-2.355756321912499
-1.25711539773679,-0.39332872263365704,-0.6774446704034888
1.5809182626780636,0.5170429487237558,0.5170420398968031
0.5155302600291367,0.20911756781329782,-1.4325667673404567
0.1983317959742163,0.08663214127658571,1.0662035202897457
0.2789142639488744,-0.4070061423189505,0.5631970553781813
1.986622994006174,0.7684241480890347,1.5341595051707828
0.3809661541099585,-0.396894994811559,-0.0796514066833135
0.36299150282646625,-0.6749431739691497,-0.44982202964125223
0.5961712273610017,0.11964100720405313,0.8440284507538489
1.1737882650971574,-0.5255514462316632,0.16617598684228435
0.37254424659870605,0.020359267453738117,-1.325420839697545
-0.42733035789984225,0.6746842533543167,0.2026929022776754
0.48980130256634374,-0.4808353591959748,-0.7543856964825794
1.009558094893956,1.4904043494944776,1.3308321684124507
-1.1552047721892462,-1.1343801165823895,-0.34521716734532076
0.4858044371303473,0.31082325763597307,-0.0581466733046625
-0.11173338399305506,-0.5231759925673057,0.10056907600569578
0.043004697742522566,-0.83783631785024,-0.20623569032893208
-0.26481740575268936,-0.77223062642388,0.8919744792829076
-0.04158651323022789,0.5674029744886026,1.5900706608979518
-0.3839090031409757,1.686386381273773,-0.45456064329490875
0.6510427101206459,-0.19270983267305847,0.06920868109109708
0.8796201345508904,0.6837581172881262,0.47390790711040576
-0.9942843598093201,0.3312010448967463,0.6684501383152912
0.8311192968815574,0.9779259217785112,-0.3170249328092929
0.6086239477161103,1.366074231715697,1.1342762147920722
0.6176058956399233,0.02597260556412817,1.689230405615922
0.47618945814136976,-0.7871123937316282,-0.1017383436074446
-1.466454056644157,-1.8523310970101399,-1.995730693745082
0.2487774491549013,0.06130416332897255,-0.35616543270487394
0.4434231600355314,2.243057086458016,3.0005260359554495
0.45530663057504256,-0.6599200227396962,0.7781464698584479
-0.19539292555196108,-0.976748814364614,-0.44468132631809454
0.11565575502417971,0.4015311554462631,1.7402507345474292
-1.7571876432796578,-0.7671093618755672,-2.7276039739665983
0.47889429368509007,-0.7082275700078122,-1.0564869872796583
1.379955397711888,1.9423320669124626,0.018326509401035085
0.24261336487406313,0.03240009420468723,-0.8867124053919387
-1.0210761976337122,-0.7873399624743598,0.5659084716895005
-1.9877062821651723,-0.49659000762360717,-0.5391553436028549
-0.23618409301239712,-0.5647646160853248,0.1159851081908283
-0.7964201339896255,-0.5920666627648559,0.02123808250453757
1.0689718579515102,0.4747539171101609,1.708407839405607
0.16184037641840432,0.8649681747692838,-1.0469280539116723
2.0730618415591695,0.4703792007649167,1.581991219228494
-1.1649747082944175,-0.6362144418324921,-0.4575463667928158
-1.2464142117381485,-0.39668126906737333,-0.8029230962775471
0.09590144984299838,0.10275262980955042,-0.3515604202840469
0.7117020615531175,0.4523448394418711,0.058172319198150635
-0.0009959525409267433,0.15794670115387424,0.6517533465672462
-0.6319144479630733,0.08171334058046165,-0.8539322336114697
-0.015972136738546028,0.00746906535502604,-0.7458310649141046
-0.38310200041459663,0.6795903685500254,-0.4149894542742668
0.8295294042095227,-0.11765974079095542,-0.09691774332388586
-1.4079529547427425,-0.6239031457157704,0.405391494231063
-0.9346585754877031,-0.9368781938100554,-1.8170926963232839
-0.07265955435067392,-1.1783581349837275,0.2401409066203441
-0.42750925999423167,-0.3159683557966204,0.4774794849735535
1.5513758138735392,1.3365325128626226,1.1462835963707754
0.03018040690318786,-0.3993711049488551,-0.04751382287609687
1.5628164242675946,-0.4030072276310397,0.8626697580012843
-1.5295378036509055,-0.30692049966330626,-0.046869756793106454
-0.8460226843409595,-0.36447240781282936,-1.0318603324638134
2.092120361101523,-0.22689119438452265,0.04202604821176792
-1.7050886121082014,-2.0369563300579694,-1.370311956459711
-0.38381086930542346,0.9254652705491411,-0.8054720848945022
0.012565633451329088,1.1518602716660302,0.8950755388862724
1.2455307204853243,1.3316216632857385,1.2632275162314972
-0.3323335069034417,-0.32069284396197273,-0.3797656066531776
-2.084683080284588,0.4306065419515126,-1.4559842742038813
0.5270104091102686,1.590486247712761,0.3175262472752602
1.5421613788696753,-0.872583653857936,0.2920473889094392
2.464377332151373,1.7857804757697273,0.39127590026791115
0.7622696360801942,-1.073490412868905,0.4266664151316863
0.6919474947570288,0.23696187922190584,0.4200237607477699
1.783734052722311,1.4787185230063542,0.6005461863974514
0.2712687226802079,-0.8785347558452679,-1.4364750828676895
-0.05862922560127904,0.2968443113906993,-0.9206662216930782
-0.42587493300691365,-0.8092973219613777,-0.652270216791131
-2.1787096357759825,-1.9789264241650764,-1.7138392139537788
-0.0030660988548325916,0.1543793709636329,-0.2233605562436841
1.3876851957340872,0.8803242148613548,1.30801762648072
-0.21762966785101828,0.9569788045838452,-1.520893099627496
1.4430243771191156,0.8363647559912838,1.2354430478722267
-0.8617818944035038,-0.020992137558061064,0.7625277490817342
-0.46960538272383023,-1.2579394533979655,-0.861941306026938
0.1897662865407537,1.0136684585690885,0.8908376045418045
0.08596875600998978,-0.18519382076391566,0.239056467725935
-1.9511032614311605,-1.2027556231019738,-1.0475110812687012
0.7900634381177215,0.24571884150066953,0.17967596829596127
-0.3467194885610036,-1.2400092068055524,-0.4278508180324424
0.5382029492531138,1.8726063508045563,-0.5051192873431163
0.30003449144518723,1.2528489026307463,-0.5765594440360856
-0.9319272255021908,-1.6899856291265272,-0.506754568545386
-0.1537602451885138,0.7600287217689015,0.8129646956040435
1.5270101438662356,0.9594629633442006,1.1097362266188262
1.5013036629318128,0.40061759290216803,-0.025152648118353604
-0.9474315987779188,-0.2711785362821115,0.042514934702096274
0.5180922151075281,0.7817128591349878,0.06521407681358599
1.117173720386308,0.3154772218036681,2.2246362733679113
0.7685310267483696,0.8041161465681972,1.981267929828694
0.6668579696421922,-0.23379218777631383,-0.5706032087623882
-0.28248314589206963,-0.6970494419831799,-0.2291717759914615
0.5536157171326342,-0.4191468828384648,0.1757815388671867
0.8760675453605188,0.47735173214323817,0.2394274480522035
1.3808602775613519,0.2580362506193008,1.4159518363946089
1.8266796513606538,0.3232486248888944,0.19848257482508125
1.3051129456172303,2.429229655349725,1.049090314958798
-1.3818730670432982,-0.7453035223634084,-0.19457492391108083
0.12750687225132537,0.19783956770896655,1.3048197155393297
0.054326043196551356,-0.8209076482979564,0.2843113468853273
-1.1621853158592645,-1.0776798866891784,-1.4001243488998685
0.5931245115340436,-0.19405000447990783,0.8638743188496579
0.6299484812049745,1.2927598984408404,-0.2468000046633918
-0.8884242222840036,-1.1166267864317811,1.000405067046648
0.15382823888502672,0.5995243912037279,-0.9748452059590675
-0.7504182556168516,-0.7273601269576797,-0.5168115581608771
0.5967905462778421,-0.3540002873916265,-0.2582453018872225
0.5358578384150554,0.9429109845186865,0.5801995129550066
-1.0679379185533222,-0.5200707944117094,-1.066024150806391
0.12152491246210236,1.0650509288144376,1.4333666362517814
-1.620895151070238,-2.5635846467443426,-1.3049389098566948
-0.19994138763159117,-0.012327808353967601,-0.5307897371918266
1.033236206563195,1.4647501895173025,2.1173481887187036
-1.1892146525320662,-0.21090285215658072,-1.7764615179326402
1.2937342457899088,0.19054688872206904,0.4957649654279333
-0.6195824563486777,-1.4165309367871752,-1.639035939619122
0.08783002243086405,1.1976941424927452,1.1166757587338565
0.8819156261269724,1.127568059063159,0.603223522355218
0.3208032156662785,0.44988636996506803,0.8777597409424314
-0.12544294334272127,0.1694647184699457,-1.1479344210069176
0.3979986007670657,1.3752664941215167,-0.04939213303503509
-1.615212568389152,-0.4338662232957733,-1.900913131322735
-0.7563870173063084,1.2841054109266974,-1.9831818178765979
0.43156608809898794,0.749000695454078,0.03119369393400795
-2.6409873171045963,-0.04046913248228101,0.21067645490821962
-1.302627543541003,-1.0172800553953598,-0.9093515373070098
-0.6249805815159782,-0.32228123508792195,0.345267006215557
-0.4932380928502313,-0.7784921852210922,-0.32220803974793233
1.0381262002862701,-1.1895149589120186,-0.6189824830328119
1.6691701656937812,0.7002647095269237,0.7517172858867476
-1.1239887701518056,-0.8984455385126764,-0.922170855947576
1.2974321317816557,-0.5580627510097281,-1.114385149607418
0.46515521423902173,0.4934513500609964,-0.5146222928729609
-1.1839526677899759,-1.1900742956974182,-1.1469933820664933
-1.2917449883053316,-1.5938633766964292,0.26397533396313544
1.2051085460189723,0.12027024634250927,0.5497142185646966
0.052873523853467184,-0.6673675906259855,-0.5552610387919359
-0.3364870604912558,0.3147235898089229,-0.14273055795816642
-0.21860507388099812,1.023202337664113,0.9589643442866715
0.15837503368818925,-0.01629839139080959,-0.4756357577445419
-0.1653991284284832,-0.05204629347299846,0.5771766041759079
0.962389405445235,0.6349828812480205,1.3743835314182724
-0.5835246610179737,-0.7995726774117851,-0.31754312364418136
1.2016129589229965,-0.10238978448010283,1.7791876087429268
0.814127813288966,1.0404300464503582,1.7154088981520568
-0.32341562315956607,-0.11312238156486777,0.9315369818272662
2.1657814930013095,-0.6679426239122881,0.309301021884875
-0.5565384696644777,-0.9621428896957144,-2.058273232779665
-1.812318450042165,-0.11403909692477476,-0.9959583529116568
0.4620277870930622,-0.6109984315662477,0.01490102581254245
-0.7905267857704936,-0.35436838258701064,0.04120504319899504
-0.22511876075037196,-0.6876977078895022,-2.031141010081479
0.6243929978701035,0.34522692420112117,1.0162294948782316
-0.836215887108592,-1.0567696126361708,-0.4664041577305006
0.6837556720604016,0.8145153811944763,0.03269769256059124
-1.4961102568363907,-1.462240104342966,-1.809479643243379
0.6313110184650146,0.33728162112580107,0.406968371931085
0.596156078558598,0.495260769642897,-0.053126163270289795
-0.6285201667170209,0.834432733540396,0.15247605735066644
0.05606453817406638,-0.600647884566652,0.8708606330792268
0.5596735766877714,0.07112430156500849,-0.7922660288931449
-0.8798743625265437,-0.13526987204236413,-0.26224180034619893
0.6917767921207864,-0.8991619786230294,-0.6173183944846051
0.7364434240010865,-0.9608762718231987,-1.5129896218237078
0.23890666844632283,-0.7090477918386198,-0.21131519070379753
0.2728929652453728,0.5281551071238899,-1.183093432720833
0.08040756372617396,-0.8273046961375488,0.5698450407633731
0.6745189818133699,0.8379140878072848,0.3454159404389498
0.190588351455059,-0.14437029983155802,-1.2455193413722156
-0.004288539844544279,-0.9007591247487862,-1.325183134526461
-0.7409457775465098,-0.6829854222464892,-0.03144296330035129
0.17775061639847073,-0.7888407968292183,0.5149518360625178
1.3443591206768528,-0.20580229448840448,0.6604701075008055
0.9960646689530523,1.774621458394716,0.5483588872632095
0.5427438028111019,-0.059628309753771425,1.2044037092198379
1.2791961337374091,0.5279592506203343,0.46871022152559
-2.4989291854072158,-1.5632815312009616,-1.780348863818367
0.046500239416044586,-0.7949837770214919,1.4390741868857604
-0.37320102646470926,0.10280833837289716,0.6229016990741015
1.8416600062574664,1.6892089610406358,0.18405983713695795
-0.17246241697586545,-0.4076749847964446,-1.6808996596983392
-0.7608718504175553,-0.48415793157799697,-1.1354232118380172
0.917381304290528,0.6877405115246316,1.4934891047412016
0.940924112492674,-0.1364198071255548,1.3492739949806793
0.4936801979429152,0.8416997705908935,0.16283905771829016
1.5854549064054797,1.503736884927025,1.551401700134395
-0.4332583391663329,-0.6351207786336749,-1.3521516417622115
0.2129392235146268,0.5300608201569723,0.655327237343886
-0.18734957573102573,-1.2475701166621576,-0.560201930063362
-1.0512781489580394,1.0957299806412393,-0.5636610058263161
1.3560498342265688,1.7561195162336125,-0.46912313423030827
-0.21333614168846068,0.0786873171659632,0.48014836715280107
-0.8587356496487184,-0.809716779055384,-0.38538170093492485
0.4058479063232424,1.2873924837666584,0.5879716376450991
0.45223939761747606,0.24176710842087992,1.7846783003216589
0.7302092950882646,0.2255627583763798,-0.2876141719871935
0.19338326610665366,-1.2762223774052521,-0.10759801897876833
0.6439260055925085,0.1624122764660864,0.5132463732911003
2.017815956078663,0.5858702516674631,2.1390535106866384
-2.1890416341396866,-1.7942821106146187,-1.1547803569087967
-0.469853250680127,-0.3112471786411782,-0.3074294411724724
0.18408195194997715,-1.0498023877399036,0.6786702775807674
-0.19913940001649172,-0.9179813521795804,-0.875488470504532
-1.3418395162335441,0.10233597592143173,-1.663754931050677
0.3288369872091684,-0.23118752597053266,-0.09077027307174064
1.2706037112777542,1.3057668529370003,0.12474852168811157
-0.889034817632396,-0.3794505680151588,-1.2563181940300412
-0.6069617246474807,0.7599834313007494,-0.5532568620884013
0.20476816699798459,0.2905578805846013,-0.7618130674468899
-0.4721253105429161,-0.19550835871705313,-0.6150722256659904
0.5369039747080699,0.6802419705624096,0.4326891935255682
0.6230958154969384,-0.31475680448330945,1.679710566825161
-2.6694700987300415,-1.2724578988736281,-0.8715324309074568
-1.0615900397555325,-0.2110230600564742,-1.6404038899791304
-1.2469570616705163,-1.1452344731516582,-0.7909940676866125
-0.17752087662203284,1.2668847127687435,-1.3610021865984328
-1.5678533155981842,-0.8925210118214542,-0.30053132086404216
0.6273501768369721,-0.37010706948196315,1.6010573310613638
0.6494626762724802,-0.30120565802750043,0.7979644143620008
0.11976899017416813,0.34458824110462566,-1.5855705954016721
-0.544345476461786,0.1419767166825215,0.24980949941113462
-0.6858821949259203,-0.6640494437388735,-1.2188029978608277
-1.7136003249308462,0.012060820001775108,-1.7634681415825249
0.4872452255221693,0.8611236661557202,-0.18669622548263465
0.0413342430053544,-0.8454145671220118,-1.4803053609398618
-0.1969461326722532,-0.4560988693920991,0.049055770443581004
-0.2124563154802845,-0.1972216064215418,-0.507427049407799
0.2038353391100679,-0.8080300149240327,-2.1968185190780143
-1.3538878764954507,-0.15635251729339583,-1.5967320706882742
-0.3710494740905508,-0.3731921741613835,-1.539555044248882
-1.6284469561483166,-0.4544359002510865,-1.166309018547489
-0.14492227793443704,-0.25277540441952673,-0.2138932227898988
-1.03691279201646,-1.2933711589590715,-1.2675226921118057
0.4176177701317286,-1.7292975133224255,1.6575034046571062
2.600960960580535,0.17811603357850947,1.0575148979710116
1.0356133411408033,1.1310992424803281,0.4121179273315334
0.26807535563201934,-0.4335551896442168,-0.702140749085088
-0.13491046697083528,-0.9974473641926983,1.9005470521147045
0.36144990557665685,1.0831016794851056,-0.19783037470055498
-1.384240868910547,-0.4887370469902177,-0.9880566991075606
0.7417357540876258,0.5304420884598626,-0.4911141662037834
-0.3823344967367819,0.1518122096724899,0.4781475956345752
-0.3554562679079897,-0.5638757096926564,-0.9701613629379442
1.2474285551993471,0.2280632971477119,0.6474682439138112
-0.03404831719892721,-1.0036091048566762,0.6232353495253092
0.0673729822651104,-0.40735894505909365,0.2519681665180897
-1.0846496343040075,-0.9796630962965548,-0.18964787631258406
-2.389849518182346,-0.10148168999414553,-1.2982339026271545
1.0152155704668153,1.7781134566233412,1.616620182981833
0.1408527524986353,0.03267826756273552,0.18168361681524559
0.925827929978169,0.5493282775738613,-0.7134986118474373
0.247116630937537,-0.6618328428165314,-1.236008287225892
0.9803074928078666,-0.22657808122438305,-0.8338130733444173
0.4818469994932781,1.8339986018502996,2.228902903292987
0.2067105137051226,-1.2160941265432965,-0.9317346997211671
-0.26766407451781693,0.3798402807097473,-0.9496036262943772
0.04760788622146275,-0.5052976917646403,2.3747955182343548
-0.04501364217508231,0.23236009100674204,0.46463758703348534
0.2671787100790693,-0.6498684773504886,0.6698958081070223
-0.0020875796193108036,0.3123523856978468,1.0700637828426869
-0.8291150229209553,-1.0304895213833711,-0.8712716042272635
0.5211631370196015,1.02090568389172,0.7360754609365905
1.1057179890486049,1.2329410001370062,0.6232963993378358
0.09101996489357761,-0.4512378354903809,-0.6668622611861406
-0.6209892441848882,-0.6086879095812627,-0.08755469955531142
-0.03123388054094246,1.3818081621159337,1.8219620629121844
0.4250125435214928,-0.018859175435207043,-1.7121120205461
1.010637324921784,1.459208091625518,0.8671902124896391
-0.7143695633290567,-1.9490868133972217,-0.5230172555113421
-0.5552045281630897,-0.12689585223103644,0.5043071975470046
-0.16063299624898913,0.31486837385316,0.9097035670563702
-1.017135808933037,-1.1424792562965396,-0.22317591620643235
1.8747324011464506,2.186203784701422,0.1314173084424386
-0.6240403947395764,-0.6933483600853095,-1.4968682136741303
-2.3501192197913303,-1.36576298887106,-1.04698171501955
0.0362228635200896,0.8545503428246417,-0.8403661858499517
0.21207924262048686,0.19971560780083936,0.575382326841406
1.4976569189816116,0.7163876113451693,1.0483533969600667
-0.7582959355955535,-0.1932411203586606,-0.33326132634873096
0.1255137634791758,0.5290669890745646,0.48525684351375453
1.4397173061426563,1.619722137071331,0.5145595545093382
0.12592100754418056,0.5784616523297051,0.005098870097778957
-0.8230435973572271,0.8416564772562277,-0.5583879585674933
-0.48754750992634444,0.8145816278706131,-0.28138803740165164
-0.8465859672370605,-0.32921407037679534,1.785885822015228
0.02025041656131196,-0.29312324962319153,0.11081151183956481
0.43152491616031063,1.413221028235625,1.2560240089386911
-0.13499805765922862,0.6796729524743996,1.0574144733954658
0.12534138012898097,-1.0491060067446265,1.0971158034276085
0.4736803684266237,0.6652318103016903,0.8770919608678641
-0.37075741378308935,-0.20321734186130383,0.2554210390832195
-0.5043727567823462,-0.9866707378030306,-0.7631411149818974
0.22970322641473762,1.400276283546156,0.39433828064251825
0.041013464111368594,1.036521103214923,-0.7030987219796405
-1.6579364099922986,-0.8618001625519119,-0.49295096023118595
0.22158666446218642,0.5796182515417887,-0.5930796962049386
0.10439711316272207,0.51084855602425,0.5560791222839861
0.3636323253825624,0.4459075276104294,-0.3242055813625704
0.00672179487657102,-0.6473287652900241,1.33290458046108
-0.24191465984580549,-0.20725918691845044,0.6179552382014826
0.7882466300198776,0.8525558768794939,1.622469168055067
0.05664927564995342,-0.11745874834804847,-0.692353084385668
1.2227005190755111,1.4157215824413343,0.5002656574315857
0.5583878646449414,-0.8360351981178058,0.9885544905940826
0.9350341771541014,-0.9329916413887008,0.5762273865182556
2.3275419427950768,0.21442522705967537,0.6668322345639391
-1.992783719036995,-1.05621435416062,-1.5234351831972344
-0.5771452839409202,-1.2353841393796514,0.5555903980969888
0.5388469660100421,0.47920310882496087,-0.5934194974378437
-0.5285456676082447,-1.7884356601174392,-1.8236807848979237
2.4082442840376297,2.035495610749516,1.621300647648497
-0.9378791652322338,0.49285241138569647,0.1904667547354187
0.7807256610189632,-0.4229861461162123,0.23994568741591596
-0.5203919208328169,0.27802452820302165,-0.6575979057755637
1.5380450781703658,0.8305443198258191,1.7599786013675902
-1.3051751753037613,-0.6080086706346821,-2.185183381219251
1.9513068835871592,0.9415352332786796,2.0587319595884193
-0.6467172365716453,-0.01990043855416007,0.3730056359770641
0.026274651875795023,0.8565725508344553,-0.42157345125133405
1.8442493464764838,1.11913194639046,1.593700005406342
-1.4203078981806185,-1.3714626927484996,-0.41627385825817953
-0.4542596294099733,0.16191614170022828,-1.3626138736574178
-0.6152265343384377,-0.3539730760147339,-0.35707447813765847
1.6901577652257547,0.3228503398978181,-0.13764328514521007
1.1456827241328413,1.1690798660728132,0.1203828253052821
-1.5139973844006545,-2.998021081021183,-0.7989425651611007
-1.1463626886846152,-0.7565692196606099,-1.3700087862863581
-1.132595437472916,-0.8751562634412353,-0.14285724316128862
-0.7927782665211125,0.017524228668342134,-1.0522380966596814
0.25867863583606704,0.7586745676211003,-0.40184535620587314
0.8574096334583324,0.22579551290020805,-0.4764536496942916
0.6649739266616886,-0.9802479453062001,0.5919198079267909
0.4742339507766154,-0.5228822383039157,0.5200392855082946
-1.1838513408046971,-0.26711921905920555,-1.4220506461198095
0.6110624301106439,1.6816696587649815,0.914280056856196
0.037566554727244544,-0.45339103082158927,1.599579199502284
0.8902483165392577,0.29750093118736,0.9654460359080144
-0.6915383291768065,-1.2846531927468012,-1.0127750116778844
1.1605164531590437,0.33218639340162853,0.44785143272574723
-0.7116582281217034,0.2223030184403783,-1.4779979474185967
-0.6362787270453174,-0.9092932912486822,-0.8768787607421467
-0.7931495225951698,-0.4029802026993994,-0.10524969609080709
1.6296087523381206,1.5586894609887358,3.173600861022008
-0.8184287274247198,-0.6301813651687781,-0.7237369714486337
-0.6260537909248092,-0.9970107159693985,0.8118515675608959
0.8948913056851229,1.124891304314061,0.8893629537481679
0.03755833605371424,1.0013759713686021,0.055539662289896985
0.35072359775106754,0.4987295238089319,0.21227466076732016
-1.719829823445417,0.9303978772518001,-0.8107438897026527
1.1050231451948436,1.5839170381900827,1.6570653363883687
0.38955432360627634,0.5157676273098235,0.6298787834186994
0.9432146491509656,0.745762644366429,-0.3138221165232482
1.6144483095580762,1.3118949466749448,2.7545591464054406
-0.9790595512972092,0.3239465340327552,0.14231097556984929
-0.3847918013584548,0.15938034821486208,-0.9330945130569998
1.0569828658476226,-0.43759879154579306,1.2491495594222783
-1.2978411349214214,-0.3041561531056849,-0.0698025826439978
1.1204111812441782,1.3613170749947239,-0.35630038210408843
0.551206678728357,-0.5515058158068242,0.3232700975143219
0.38444092755144676,0.26978038193390314,-0.17553436318003185
-0.00669346833125019,0.862103117792969,-0.17860497246842882
1.2791765792914342,0.4893691565428121,0.4314039866209105
2.7002803755063916,1.240069123387521,1.7296301770538907
-0.56601548491962,-0.19520530416656046,-0.6830393522177629
-0.13268323482825523,-0.5407870208978387,0.3551181585124342
-1.3506113349553635,0.8801300986289489,0.7116614716415606
0.7401353537150934,-0.09052916071408385,1.6479364572570703
0.6578247213866664,-0.19330790614010268,1.4768769311011427
-0.009855207644947928,0.01587343068944289,-1.7196812877410992
0.5481311811683675,-0.6437341892608561,-0.414124298470008
0.7051250331550649,-0.5822104847620881,-0.11029369681720369
-1.3886451275363647,-0.5177301811058873,-2.1023490959473534
0.5808083063985936,0.7016431060677877,0.9035908085637588
-1.417057102832154,-0.6463929099229802,-1.5366002975002826
-0.6265426316749746,-0.6695629346775213,0.8764586175208025
0.5165652546046715,-1.0415931812718577,-0.7480710672967805
0.6349146081182377,1.6306802421569324,0.6709434094237621
-1.6867211653101402,-3.4554750742906353,-1.9736198672665641
0.7120666976528386,1.056732538428312,1.8607243983979034
0.8666984768634733,-0.9981547714657869,0.1170079571228323
-0.0915556419093004,-0.04073376467984137,-0.17282307063822278
1.2031515016341703,1.3011210111842515,0.09016511233488633
-0.39337470025292276,-0.4546584243997185,0.7265055385494807
0.18833250738734103,-0.5540210017104067,1.4983613316965563
0.8083720121148632,-0.0047884502487690606,0.6730242904789949
-0.21014700854684287,0.5365739585616865,-1.0941860719387102
-0.34902332445363066,0.5568225310753964,0.04840121407869693
-0.1444745622270378,0.11999300246078178,1.6044996333865138
0.8299589692059774,1.4992214718884112,-0.03678526922670955
-0.2681694155427693,-0.18991605536732192,1.0261420373350054
1.4346796453419906,1.2153763466284153,1.5132500083322435
-0.9446186800463726,-0.8662358006973678,1.3195284821155981
-0.322700978140959,0.3933528852689025,1.4753838459285074
-0.606520152694525,0.11228935171436877,-0.4454658982016035
-0.6560324884207569,-1.4156519508551342,0.9345852366763353
-0.7639832699671321,-0.30192441148235194,0.45640591402625785
2.216622865646529,0.5805145915479577,1.685079608144103
0.11906968174255474,0.46994857118642436,0.33592958178625165
0.5833879697486729,1.7188095707671924,0.5188438640154015
-1.1388841915705736,-0.5755163712444124,0.22964062056481171
-1.3040184946326534,0.5925024190464719,0.38719933359487047
-0.16273253951293254,0.43525931576616655,-0.3664685520575732
-0.27055728672354584,1.1193746854465516,0.5261334557748355
0.18090164102778136,-0.15857029726455862,0.08252460375851876
-0.5149592071745324,0.43472119867088743,1.3140526606765484
0.48984906228194774,0.4787967304268053,-0.733312524103756
-0.44924222130900776,-0.09829138390723718,1.8788280891016875
-0.8590093978262869,0.0005630552016667734,-0.06264722593302124
0.7501279937013021,-0.3591435505620025,0.9796468007030867
-0.17814818322494258,1.3639959570048303,0.11523269544387407
0.2651457311771444,-1.0888197649154858,-0.8765759794760366
-0.4807889172322135,-1.8412419637047948,-1.4549209943807135
0.31576298353481397,0.491883330310262,-0.47781017980034723
0.550837609036864,-0.4175401295019084,1.0089702660086055
1.6126035897128173,1.8045512143618203,0.7477264240627639
1.3280991261322355,-1.4264531308244517,0.2035660137499064
0.729828984610227,0.08174410275630195,0.3803979405139176
0.2722338204444563,-0.5898785113375143,0.7788598460826238
-0.6137798793671486,-0.9388797788209917,-0.096058458847944
1.7381996953310515,0.8922053979105731,0.14326391345884582
0.16779517104846092,0.7753783400959383,2.1581847349878687
-0.08034959087918557,-0.3283865856554515,1.1445234703955447
-1.1328678415847793,0.1214779002811619,-0.40659972862676796
1.79034234547922,0.24760095994983478,3.1541864261956767
-0.43160786018091307,-0.9785774190640149,-1.2549011802751457
-2.237721576946473,-1.2333145721687078,-1.9661161383921284
-1.1843923421699147,-2.168978408419688,-1.3364204292936923
0.2892401937653443,0.7020727516618698,-0.26296010799227776
1.0771090051990482,-0.14640375651839022,0.8491320764739235
-1.1094228809269162,-0.636363609211013,-1.1038591298460965
-0.318279899962282,0.07133895038165586,-0.06635062459230884
1.3933229905816702,0.3055724380152025,1.567615075627983
0.0899001263289413,-1.0274107405279131,0.4756156062520049
-0.06844318431236086,0.6684213008520267,-0.4904942085775036
0.46472896436802713,-0.3327382778743725,-1.6650132020404391
1.1451554551782677,2.071681221739501,-0.045278242323340656
-0.18148186621172158,-0.441876527241604,-0.7368281880809175
0.6542327099159453,-0.7766685666522255,-0.07712168525415532
-1.8850144481393938,-0.9701590005073348,-1.751858412932753
0.6032322332864534,-0.2646505294594772,0.49571815759476107
-0.7137377304370809,-0.31913852305043905,0.9214389659399407
-0.21998197442050652,-0.04758873370929868,-0.4479464396730782
-0.8683831978689386,-0.0848137497543015,-0.14744332367486201
-0.2438915637257903,0.950036741745369,2.157696889319594
-0.23276965801334099,-1.387298704999746,-0.12312346398585472
0.8552081637035917,1.0819484071383534,0.001944326959282372
-0.23621934809144174,-1.4737078642308512,-0.3664352147575959
-1.7894116637164679,0.5862773827690692,-0.7063254220325625
0.552038364095799,1.8736872364440262,0.7376636954971905
0.8145958123177428,1.5447841933260038,0.9422351924771115
1.5370707002797046,0.7678343145919627,1.6174076185393294
0.30611179243490155,0.44476929718673935,0.21094567189477648
0.6906559058289835,0.6567073613264404,1.8958948510494675
0.8912459456450418,1.6174164943272775,2.3400508562526574
-1.1103512597742995,-0.39542217707270766,-0.18842502916466064
0.6863269729513096,1.3663786027322622,1.2712528576623152
0.3426953728670601,1.0474903824757338,0.04329382354178968
0.5401474191600514,0.763994165397722,-1.5246298018568045
0.5081810904054944,0.32775241679571915,0.8554801651191837
-0.43749182632333683,-0.03666316870271569,-0.7989233373850413
0.37803199056881304,0.14598964248258053,0.7693961638725793
0.3262796767020028,-0.6952748645149553,-0.6379326885780008
-0.6381837849865913,-0.9698198955497155,-0.39541221763924506
0.5126915269357922,-0.21932515055418866,-0.7417702251205516
-0.1041634631648579,0.03224516012710659,0.0021087586210570552
-1.3191480153200716,-1.1561858777712364,0.41264440831190297
1.1539794819765345,0.39316291265678993,0.7079244811285352
0.059637201900616416,-0.944951181792078,-0.8644695908654556
0.5936784005808563,0.2802050635932888,0.23663154481621265
0.18883947785904212,-0.3394318191325461,1.8278986982590606
0.6287675042039681,-0.07887159975914038,-0.04863332719104152
-0.9084199335668152,0.44191985758888286,-0.34691906759159286
-0.9829391731729744,0.2182920822803287,-1.2956702493945043
-1.770637023330503,-0.4966165285476732,0.6413198530310431
0.8436113814982352,1.9572619014183428,0.3557042110020787
0.051592841485935036,0.5045967517128689,-0.9783758498306606
-0.2781928740884636,0.4787329852165402,0.5395384011634156
-0.012745190934960552,-1.533672306728724,-0.1597990751942345
-0.8013577481401869,-0.5607717715525605,-0.28272377280845884
1.0969830559623819,-0.38516055339232214,0.5656725087926731
2.338404916556955,1.2318815868399537,2.4870890729638675
-0.7912644984069251,-1.016992292432089,-0.9361531123239661
0.7941376373593514,0.1565560385548076,1.7259892835451254
-0.6406281927866966,-1.4844939677959796,0.3703593634043918
0.9472922611290793,0.05338011710049656,0.8734605366603982
0.38519802570028105,0.203774748802336,-1.5202701922067916
-1.035258012714266,0.5707648467637401,-1.3923136589059084
-0.2518993972624836,-0.1344486300588858,1.4062032653669343
0.0802745302778921,-0.5211692775790153,1.005370805748168
0.28982475403398494,0.5600084176148151,0.9047900469671022
-1.4104988525604003,-0.2583162594215145,-1.1624430355369317
0.19743116745135048,1.6862083404409396,0.11532884335332655
-0.07816509112361855,-1.2518649590461757,0.3280365014126093
-2.258444267673709,0.17594046732645596,-2.5321838293979146
0.6042588280605129,0.6085762455066268,-0.1044249082399411
0.4449127762289343,1.0431910602831247,-0.15457377712745496
-1.4993766559051083,-0.11839405224458976,0.5424329704544859
-1.027142011148358,-1.3494872542117458,-0.9099238983748703
-0.13156690306283628,0.7625850839475415,0.522019387727161
0.5954744623204486,1.6420607592143153,-0.4352611406388669
-1.5567930669290557,0.05941016522221143,-1.0185280561259726
-0.12964369974365333,-0.2826623621597165,-0.010696536079055075
-1.5734516742005782,1.7255323867582195,-0.0747411629690689
-1.5760652952151948,0.3757289297417489,-0.5637541677937025
0.29874959193889716,-1.7241209733979006,0.6308316456700398
-0.4985719146613653,0.061737932760362324,0.6161464509080072
-0.8738526845219948,-0.02958243207112443,-1.2096419234791127
-0.15883447659454986,-0.08203368919737748,0.9484227619020866
-1.996877289945354,-0.8354356665137723,-0.4945289506518121
0.44058441560935363,-1.5666559324655442,-0.8994987164846867
-0.650910144080815,-0.5054608800790521,-0.3584035314602738
0.8194185955386469,0.2772609412566624,0.48079130386980357
-1.2960195280586453,-1.330192960370681,0.1162492027698705
-1.3246775245881353,-0.9640223536665928,0.11988393618176141
0.04378674200538239,0.4167003417183871,-0.006478517917425902
-0.4290171272243276,1.3001730503478233,-0.05132331298850859
1.1800306350132588,-0.6096501204608366,-0.011562401000252742
-0.8841116065422484,-1.3612600679682711,-0.8936931591331798
-0.13510677664819315,0.8101104256677777,-0.35952686095478614
0.4129345145435851,-1.2215747508563637,0.40262825073969843
1.6878536670360678,-0.23693208605392313,1.5923619939064206
-0.5992673474716343,1.2293724523337601,0.9280531421404257
-1.4037121179494032,-1.2952485129026803,-1.9007172826757328
2.291907115096707,1.4145682332928344,2.5409186254482687
-0.47681328028814174,-0.7708355477378224,-1.1362757017536251
-0.23959369020279442,0.0563743391498962,-0.152880399417767
1.115482318406176,2.0707339363162727,-0.2589759910721421
0.3752576739165582,1.3274158511550656,0.33367984599928324
-0.706570263686264,0.9046409676730779,0.03408851072985207
-1.1776835674821438,-1.2820946958495694,-1.6639186676279478
-0.6244374872966996,-0.6903701972668521,-0.43393685978537616
-0.17418224154161865,0.41567934081677793,-0.7410747843811388
-0.5566852803276845,-0.9357428480900903,-1.1790179164971142
-0.7779597255153509,-1.1844997375748556,0.06922810762292297
-0.21099331731462304,-0.507865055750193,0.23208390405906537
-0.6276271108284304,2.505596568750968,-0.2713945506458423
-1.358885515080224,-0.47883194240354987,-1.7385047421181534
-0.1554157144295135,0.6689188551516057,-0.42674060693858124
-0.33254535205512614,-1.506920595678024,1.46152527640371
-1.0014458001988193,-0.9044560235531693,-0.32600413077361806
0.9961554795881168,1.727845424561866,1.662451556354147
-1.3809690525458924,-0.9724578838592053,0.18267805410259597
1.4462026381879691,0.5670726188720923,1.4565216933210194
-1.3138971141022404,-0.5524137399959381,-1.0684865040844596
0.10968356289220783,-0.4518236024345511,0.534516681908467
-1.9424633271707474,-0.1644232414103678,-2.6262535084432517
0.10271187899574052,-1.1873334484740588,0.3169892978092318
0.058536409892824076,2.449239931474256,-0.14672687396857953
-0.6044594840360016,-0.09432157134343258,-0.14193037458826874
-0.34199199117464874,0.45219631286390527,-1.6849104731153304
0.7394520669038788,0.8399712816282856,0.4199120783290709
-0.6016626286096715,-1.3287477115686153,0.13293383420448124
-1.2833028601344663,-1.6232144979217495,-0.5933341760165212
0.14739658844730322,-0.8989848244756792,0.5676566477303256
1.324551286248426,0.23026997684753042,-0.6309664722502432
0.3848897736843395,0.9934753401727004,0.7585769019540954
-1.392333392519565,-0.14474515534490884,-0.8086735558126013
0.58928037594236,0.18491241429858604,-0.2843022689200755
0.8735522410701838,-1.1496903143967787,0.9145983101324462
0.47491903893605913,-0.9107097234072364,-0.8194055159146341
-0.09228509963143317,0.3618503901101385,0.8415695819422749
-0.2697523548057054,-1.0348205022218502,-1.5585221084660925
-0.004233450225086027,1.0612709510554306,0.8010638026236354
-0.05236568812002762,1.3603989277189477,0.6733509472910768
-1.7731383956503861,-0.8189282202577757,-1.4265625430510842
-0.4682119085516407,0.15062429375854902,-1.6765520128940001
0.4464889885631128,1.096305934461161,0.7890101569872361
1.0084750069398924,0.1670344372489732,-0.3974561980644503
-0.3051052184945674,-0.7031427326912078,0.1070520697107738
0.5346214399851903,-1.652883644425691,-1.391355059268495
0.42148033800360696,0.07500278363376739,0.4148413143854385
1.232736418405791,-1.162959799170192,-0.7888353137048651
0.7715371038462653,0.45882194309289853,2.3868648979714027
0.04146566003669748,-0.4132930208551539,-1.5748652445320954
0.0937438926650749,1.3298874483360932,0.8843954831525549
-0.19436934357324614,0.03763378345655627,-0.9263053669874558
-0.0007533900968910564,-1.0084624009770897,-0.010459297464654127
-0.40031078871243486,0.28142522546513404,1.1663344561450533
-0.5355920368771541,0.24127923846570376,0.10717848688655959
0.044586116312638945,-0.7680351065546884,-1.6017377262148735
-2.1167551199866748,-0.6113406896854295,-1.4471761687215514
0.9652267576487936,1.2454858314338981,1.3996877877533016
-0.2797701222689565,-0.26882385586490765,0.07269203891324197
-2.970717320111786,-1.0269654549736775,-1.3778398696561387
-0.2559942432158723,0.12880124563805023,-0.37707960601339674
0.3821827171801102,1.2105858855583271,-0.03025170927463483
-0.30598405265008033,0.12507713041288424,-0.9275958666864057
-0.023225979678983256,0.04989274772735513,0.9211707915072921
-1.3177253988405528,0.33720221142217066,-1.1282292013196575
-0.6713678081715311,-1.060806782800658,-0.3153172640777724
0.44381882622477703,-1.7240961646154176,-0.5459595038647544
0.4757878971313513,1.566817833656983,0.9451792867326293
-1.9121181291996063,-0.487173307717222,-1.0461976337717103
0.510647467807081,-0.22362081340663603,-0.07773962144042307
0.44037527512899366,-1.2871225247529914,0.6037630426450289
1.774908371452397,1.3637516572324389,1.9689358721361034
0.8425442289090803,-0.16485972878914434,-0.5006862218142055
0.7296812725997576,-0.3115553332853577,-0.21359137205311832
0.7970795906809186,-0.5572578331310897,1.1986541263686317
-0.21092062771344305,0.06074102324452811,-1.529364955683487
-0.8925504279199753,-0.7144981209359178,-1.4960005854817344
0.05793538880461587,-0.048567037508015234,0.860922655351756
0.3468870053206313,-0.5417992085041186,-0.5170152210590532
1.4860077739431328,-0.39127695136271445,0.43868720399195615
-0.8216297677572016,-0.8009282707751635,0.1844774792541971
-1.3128128953382516,0.1473786925450885,-0.784144169221391
2.0146525369554076,2.1008955692577485,1.8960345807611507
0.4693861508769866,1.6871116261117098,1.780687205283804
-1.8045480790847857,-0.5447418831555099,-0.2245981727164773
0.9566325537915072,1.065833974101169,0.29736243547296587
-1.4848807192375808,0.7207418088228525,1.6766410450758888
-0.9566411987468469,0.009552436283832177,-1.1031121873307876
1.6681080590825363,0.8608764115588813,-0.052764609149762665
-0.2985297075550685,-0.10500747411245373,0.7818308864802753
-0.8057555983118024,0.3645302453109866,-0.2147701282088213
1.0071200084105358,-0.16499125771796952,-0.08262680617503076
-0.5421506878524097,-0.24733275118698694,0.7284104235969331
-0.8268926595423075,-0.8542684540942911,1.4976672050914943
-1.064392999425283,0.8461751656620857,0.4480005081426364
-0.21928784069364185,-1.7072678805356514,-1.1710196387696272
0.17260942435642937,1.0025535733315831,-0.951269403636918
0.03459958365706649,-1.2211852558606886,0.3535312899778484
-0.10864632114494494,0.3424879105719267,1.6072735446672097
1.342485906727879,0.40592391923901194,0.7205758182755002
-0.2931876245106915,1.2977133003076347,1.4055685174172718
-0.04787985515043188,1.41675485780625,0.5249670943486666
0.11439678586670066,1.3476701554111652,0.2499659699774123
-0.18461994986529726,1.5184614440709399,0.3165845558289634
1.0784455524824683,0.31093797351192826,1.0378912773680573
-0.2332647934295345,1.3592870269765729,0.3753308142782054
0.06049971124602664,-0.05058309569901981,1.1822200449153877
-0.059938676403563484,-0.22402920750342187,-1.0070621846396512
-1.4011677309033672,-1.6378957669218286,-1.8212644910847753
-0.16622399724165002,0.3046200470148564,-0.6619076027236579
0.06282003803095122,1.000108434535707,-0.34949080708625985
0.5150611841719323,0.2260737231026872,0.7832438714977784
-0.8164785992236897,0.39276427971852046,-0.3265407807092974
-0.19359136104504593,-1.241466905041904,-0.6043192194124765
1.610409164517961,0.4330697892746336,1.0156276987109456
0.6244922672456852,1.031307144199232,-0.22386375132117375
-1.011170783859344,0.6606762143620422,1.0102172286817694
-0.17536207839443108,-1.9185255557578522,-0.4574757442913101
0.77645682999657,0.08835248984340832,-1.532077302235455
1.595066410468196,2.246528244435301,1.6029876842082278
-0.1520539732381782,-0.27998049464712876,-0.704261251862674
-1.1764417280243156,-0.6181718352490244,-1.5634948158718367
0.6986066363582449,-0.2791135835224085,0.09206803948816984
-0.2894146603476118,1.1553023571254857,-0.803004890279736
-0.7164214965984148,-0.14198577250151256,-0.35694287054277973
1.284014400065483,1.3152936467186511,0.47668613571281726
-0.795998856618443,-0.6320769747311739,-1.0103313860181982
-1.741993832156534,-0.7879369635609424,-1.0034224802067686
-0.93203407238583,0.2833865537244633,1.2582173666509122
-0.8603347176450076,-0.9090638816411709,-0.8354796587532658
-1.3587235443127947,-0.3748157625534553,0.10888532912742521
-0.2524690396348541,0.17226325781386173,1.1320296812563753
-0.5286848871494133,-0.4631093062628764,0.27822775287910584
-0.5956749134348571,-0.39936117613085453,1.1415028148981101
0.08578797444113609,1.5477504614845723,0.014278845175348664
1.6542477360214707,1.243064383536015,0.20562907124411123
0.9127531706793534,1.1550605820779485,0.14427427281966942
-0.4065842058415147,0.8055294238814343,-0.8999469739220047
1.0190367212123492,-0.10648123996053949,0.8605491480490758
-0.8022482180387361,-1.5881850528165953,-1.7565414319339883
0.9364736593080237,0.06836312356075747,-0.09002149727768843
-1.2010675730798823,-0.2840257986260758,-1.4041128460262189
-1.2016797765328857,-2.0089553770639976,-1.48919118659866
0.20858380521647596,-1.1508714667711915,-0.9655811502121905
1.0068993914833464,1.1907055922286705,1.2675239378511707
-0.20821206059296432,0.14154796939890912,0.3127054801347309
0.36815680802877765,0.44226170848261326,0.16184861911523102
-0.1667164011733229,1.381547399820666,-1.3132042916654807
0.3999450903724601,0.7213221935477638,0.13208872319386175
-0.06170885211425498,-0.28276359861712497,-1.366690455824926
-0.2772910489638916,0.4765288397933457,-0.26995046270246625
-0.3355730568040775,1.0609843526346552,-1.9653533464671822
0.2380695546634165,0.048968583183131534,0.31365618083193136
0.3102493676062245,0.42025276597190425,-0.06702263832380814
1.0739627902728035,-0.07033261562765891,-0.349826548278494
-0.6560410542574521,0.7049990239038617,-0.3265099844457838
0.9806382204294173,0.26475981061662807,-0.7471798216269752
-0.8687976933241369,-1.1264503126464294,-0.606496026301239
0.3927467100481083,1.0691213544330507,0.6174392646878691
1.122168901494377,2.0038832458895275,0.8298766538776123
1.133201840725837,2.020775203843634,0.9273370330079356
-1.143703357482392,-1.6759157753290963,-0.9454031192237242
-1.557143366383716,-1.386109930145619,-1.4385124720962918
-0.5950405693029523,-1.3052190956411542,0.40548006675115045
-2.4080730233380496,-0.9425646670203776,-0.6605235398014062
-0.3785952193271022,-0.268100282261227,-0.32835607328675914
0.8402438294171587,-0.6975327894253673,0.34802635381815045
-0.039407867810007706,-0.6280867703559939,-0.6059632547972265
1.0418265415322923,0.3908510645638425,0.2067482614422647
